mission_id,unit_id,mission_type,region,start_date,end_date,mission_status,personnel_deployed,equipment_deployed,mission_priority
MS-00001,U-002,Support,Base 02,2025-05-29,2025-06-13,Active,174,20,High
MS-00002,U-028,Training,Base 28,2025-03-27,2025-04-02,Active,262,25,Critical
MS-00003,U-028,Training,Base 28,2026-02-12,2026-02-15,Completed,201,33,Routine
MS-00004,U-020,Support,Base 20,2025-08-12,2025-08-16,Planned,109,14,Critical
MS-00005,U-047,Transport,Base 47,2026-06-19,2026-06-20,Planned,80,13,High
MS-00006,U-057,Training,Base 57,2025-03-21,2025-03-28,Completed,207,30,High
MS-00007,U-057,Support,Base 57,2025-10-31,2025-11-08,Active,181,38,Critical
MS-00008,U-017,Training,Base 17,2025-02-26,2025-02-27,Planned,184,21,High
MS-00009,U-010,Support,Base 10,2025-02-19,2025-02-26,Completed,218,22,Routine
MS-00010,U-038,Training,Base 38,2026-02-27,2026-03-11,Planned,148,32,Routine
MS-00011,U-033,Training,Base 33,2025-03-21,2025-03-28,Planned,42,33,Routine
MS-00012,U-057,Exercise,Base 57,2025-04-28,2025-04-29,Active,249,38,High
MS-00013,U-031,Training,Base 31,2026-02-16,2026-02-27,Active,46,13,Routine
MS-00014,U-001,Support,Base 01,2025-01-26,2025-02-07,Planned,240,21,Routine
MS-00015,U-014,Support,Base 14,2026-06-08,2026-06-11,Active,195,22,Routine
MS-00016,U-010,Transport,Base 10,2025-01-31,2025-02-02,Active,153,23,Critical
MS-00017,U-046,Support,Base 46,2026-02-16,2026-02-27,Planned,75,11,Critical
MS-00018,U-057,Support,Base 57,2025-01-24,2025-01-30,Completed,33,38,High
MS-00019,U-007,Support,Base 07,2025-03-23,2025-04-02,Completed,190,18,High
MS-00020,U-011,Transport,Base 11,2025-12-04,2025-12-06,Completed,219,22,High
MS-00021,U-046,Support,Base 46,2026-07-28,2026-08-04,Completed,185,3,Critical
MS-00022,U-042,Training,Base 42,2025-06-30,2025-07-03,Planned,266,25,Critical
MS-00023,U-032,Exercise,Base 32,2025-06-06,2025-06-18,Planned,118,8,High
MS-00024,U-045,Exercise,Base 45,2025-07-21,2025-07-28,Active,173,17,Routine
MS-00025,U-033,Transport,Base 33,2026-05-28,2026-06-06,Planned,168,30,Routine
MS-00026,U-039,Training,Base 39,2025-01-22,2025-02-01,Planned,300,9,Critical
MS-00027,U-037,Support,Base 37,2025-05-12,2025-05-25,Completed,56,5,High
MS-00028,U-020,Training,Base 20,2025-03-02,2025-03-04,Planned,73,16,Critical
MS-00029,U-028,Training,Base 28,2025-09-17,2025-09-26,Planned,47,26,Critical
MS-00030,U-035,Training,Base 35,2026-06-25,2026-07-04,Completed,295,3,Routine
MS-00031,U-039,Support,Base 39,2025-04-13,2025-04-24,Completed,267,4,High
MS-00032,U-013,Training,Base 13,2026-07-09,2026-07-15,Active,279,23,Routine
MS-00033,U-047,Support,Base 47,2025-09-15,2025-09-29,Planned,251,5,Routine
MS-00034,U-037,Training,Base 37,2026-04-19,2026-04-23,Active,283,2,Routine
MS-00035,U-017,Transport,Base 17,2025-04-03,2025-04-14,Active,104,28,Critical
MS-00036,U-044,Transport,Base 44,2025-11-16,2025-11-18,Active,155,10,Routine
MS-00037,U-053,Exercise,Base 53,2025-05-25,2025-05-26,Planned,218,25,Critical
MS-00038,U-025,Support,Base 25,2025-06-28,2025-07-02,Completed,268,35,Routine
MS-00039,U-040,Transport,Base 40,2025-08-23,2025-09-06,Active,67,6,High
MS-00040,U-029,Training,Base 29,2025-10-17,2025-10-25,Completed,269,16,Routine
MS-00041,U-045,Exercise,Base 45,2025-11-21,2025-12-03,Planned,148,8,High
MS-00042,U-057,Exercise,Base 57,2026-03-06,2026-03-14,Active,64,13,High
MS-00043,U-015,Exercise,Base 15,2025-06-03,2025-06-15,Planned,254,38,Routine
MS-00044,U-017,Training,Base 17,2026-05-01,2026-05-03,Completed,160,5,Routine
MS-00045,U-021,Exercise,Base 21,2025-07-29,2025-07-30,Completed,216,35,High
MS-00046,U-008,Support,Base 08,2026-04-05,2026-04-13,Active,158,5,High
MS-00047,U-037,Transport,Base 37,2026-05-18,2026-05-23,Active,136,13,High
MS-00048,U-013,Exercise,Base 13,2025-01-06,2025-01-19,Completed,48,37,Critical
MS-00049,U-049,Support,Base 49,2025-05-15,2025-05-25,Planned,123,4,Critical
MS-00050,U-010,Exercise,Base 10,2025-05-29,2025-06-11,Active,125,31,Routine
MS-00051,U-017,Exercise,Base 17,2025-11-26,2025-11-30,Planned,283,28,Routine
MS-00052,U-032,Transport,Base 32,2025-06-18,2025-06-22,Active,230,10,Critical
MS-00053,U-030,Transport,Base 30,2025-07-12,2025-07-18,Active,90,38,High
MS-00054,U-053,Training,Base 53,2025-04-30,2025-05-11,Planned,94,36,Critical
MS-00055,U-022,Training,Base 22,2025-12-08,2025-12-16,Planned,143,9,High
MS-00056,U-058,Support,Base 58,2025-02-10,2025-02-18,Planned,237,14,Critical
MS-00057,U-046,Training,Base 46,2025-10-31,2025-11-14,Completed,205,27,Critical
MS-00058,U-007,Exercise,Base 07,2025-05-17,2025-06-01,Completed,198,22,Routine
MS-00059,U-057,Exercise,Base 57,2025-05-08,2025-05-09,Planned,189,15,Routine
MS-00060,U-026,Transport,Base 26,2025-04-23,2025-04-30,Completed,261,37,Critical
MS-00061,U-022,Exercise,Base 22,2026-03-31,2026-04-04,Completed,57,9,Routine
MS-00062,U-039,Exercise,Base 39,2025-05-31,2025-06-01,Completed,106,15,Critical
MS-00063,U-041,Support,Base 41,2025-11-29,2025-12-04,Completed,224,22,Critical
MS-00064,U-054,Transport,Base 54,2026-01-02,2026-01-08,Active,276,22,High
MS-00065,U-017,Transport,Base 17,2026-07-08,2026-07-18,Planned,42,26,Critical
MS-00066,U-004,Support,Base 04,2025-11-10,2025-11-20,Planned,263,34,Critical
MS-00067,U-035,Transport,Base 35,2025-10-23,2025-11-05,Completed,20,27,Routine
MS-00068,U-010,Exercise,Base 10,2026-02-02,2026-02-12,Planned,207,40,High
MS-00069,U-004,Support,Base 04,2025-12-20,2025-12-22,Planned,289,38,Critical
MS-00070,U-002,Exercise,Base 02,2025-07-11,2025-07-24,Completed,258,33,Routine
MS-00071,U-004,Exercise,Base 04,2026-06-30,2026-07-06,Active,30,12,Critical
MS-00072,U-015,Support,Base 15,2025-07-31,2025-08-07,Completed,249,5,High
MS-00073,U-010,Training,Base 10,2026-08-01,2026-08-11,Active,200,16,Critical
MS-00074,U-020,Support,Base 20,2025-04-14,2025-04-29,Planned,249,39,Critical
MS-00075,U-007,Support,Base 07,2025-08-18,2025-08-24,Active,147,10,Critical
MS-00076,U-023,Transport,Base 23,2026-06-17,2026-06-30,Planned,28,21,Routine
MS-00077,U-028,Training,Base 28,2025-06-26,2025-07-01,Active,90,8,Routine
MS-00078,U-043,Exercise,Base 43,2025-04-25,2025-05-07,Completed,174,19,High
MS-00079,U-042,Transport,Base 42,2026-06-11,2026-06-12,Active,172,28,Critical
MS-00080,U-005,Exercise,Base 05,2025-01-19,2025-01-26,Planned,67,2,High
MS-00081,U-007,Training,Base 07,2025-09-10,2025-09-18,Planned,270,16,Routine
MS-00082,U-040,Exercise,Base 40,2025-12-09,2025-12-21,Completed,221,2,High
MS-00083,U-013,Support,Base 13,2026-05-21,2026-05-22,Completed,40,17,Critical
MS-00084,U-012,Exercise,Base 12,2025-11-02,2025-11-07,Completed,30,8,Routine
MS-00085,U-005,Transport,Base 05,2026-04-01,2026-04-08,Planned,125,21,Routine
MS-00086,U-026,Transport,Base 26,2025-03-13,2025-03-19,Completed,36,7,Routine
MS-00087,U-039,Transport,Base 39,2025-01-17,2025-01-21,Active,101,35,High
MS-00088,U-035,Training,Base 35,2026-03-12,2026-03-20,Completed,196,26,High
MS-00089,U-026,Support,Base 26,2026-05-29,2026-06-05,Active,125,11,Routine
MS-00090,U-037,Exercise,Base 37,2025-10-17,2025-10-24,Planned,201,14,Routine
MS-00091,U-057,Training,Base 57,2025-01-02,2025-01-16,Active,54,21,High
MS-00092,U-008,Training,Base 08,2026-06-12,2026-06-27,Active,103,32,Critical
MS-00093,U-053,Support,Base 53,2025-08-22,2025-08-27,Completed,256,36,Routine
MS-00094,U-006,Training,Base 06,2025-11-09,2025-11-14,Active,190,3,Critical
MS-00095,U-052,Support,Base 52,2026-06-14,2026-06-18,Active,155,14,Critical
MS-00096,U-027,Training,Base 27,2026-08-08,2026-08-22,Planned,176,30,Critical
MS-00097,U-053,Support,Base 53,2026-05-18,2026-05-21,Active,271,12,High
MS-00098,U-056,Support,Base 56,2025-06-18,2025-06-29,Active,146,16,Routine
MS-00099,U-020,Training,Base 20,2025-01-06,2025-01-08,Planned,226,20,High
MS-00100,U-002,Training,Base 02,2026-01-02,2026-01-12,Active,249,18,High
MS-00101,U-002,Training,Base 02,2026-01-11,2026-01-21,Completed,288,12,High
MS-00102,U-006,Exercise,Base 06,2026-03-16,2026-03-20,Completed,133,35,Critical
MS-00103,U-049,Support,Base 49,2025-03-14,2025-03-27,Completed,44,13,High
MS-00104,U-056,Support,Base 56,2026-02-06,2026-02-08,Planned,246,19,High
MS-00105,U-028,Transport,Base 28,2025-02-18,2025-03-02,Completed,49,21,Routine
MS-00106,U-018,Transport,Base 18,2025-04-22,2025-04-25,Planned,233,22,High
MS-00107,U-010,Exercise,Base 10,2026-03-09,2026-03-23,Completed,48,18,High
MS-00108,U-020,Exercise,Base 20,2025-09-10,2025-09-25,Planned,33,30,Routine
MS-00109,U-020,Training,Base 20,2026-04-20,2026-05-05,Completed,25,24,Critical
MS-00110,U-014,Support,Base 14,2025-03-15,2025-03-25,Planned,266,35,Routine
MS-00111,U-030,Training,Base 30,2025-10-18,2025-10-25,Completed,134,33,High
MS-00112,U-047,Support,Base 47,2026-05-09,2026-05-14,Planned,110,18,Routine
MS-00113,U-031,Transport,Base 31,2026-06-07,2026-06-20,Planned,56,13,Critical
MS-00114,U-043,Training,Base 43,2026-05-19,2026-06-01,Active,88,34,Routine
MS-00115,U-028,Support,Base 28,2025-04-19,2025-04-24,Planned,256,30,Critical
MS-00116,U-037,Exercise,Base 37,2025-10-21,2025-10-31,Completed,39,28,Critical
MS-00117,U-036,Support,Base 36,2025-05-05,2025-05-19,Completed,197,27,Routine
MS-00118,U-047,Transport,Base 47,2025-01-11,2025-01-26,Active,237,32,Routine
MS-00119,U-010,Training,Base 10,2025-11-28,2025-12-07,Completed,286,6,Routine
MS-00120,U-025,Transport,Base 25,2025-06-13,2025-06-21,Active,218,24,High
MS-00121,U-040,Training,Base 40,2025-07-18,2025-08-02,Completed,55,13,Routine
MS-00122,U-022,Exercise,Base 22,2025-09-27,2025-10-03,Active,277,3,Critical
MS-00123,U-031,Training,Base 31,2026-05-29,2026-06-13,Completed,257,32,Routine
MS-00124,U-008,Training,Base 08,2026-03-07,2026-03-10,Active,97,17,Routine
MS-00125,U-025,Training,Base 25,2025-05-09,2025-05-10,Completed,210,17,Critical
MS-00126,U-036,Support,Base 36,2025-03-15,2025-03-28,Completed,296,39,High
MS-00127,U-025,Support,Base 25,2025-05-21,2025-05-27,Completed,135,25,Critical
MS-00128,U-060,Support,Base 60,2025-03-11,2025-03-21,Active,179,25,Critical
MS-00129,U-052,Training,Base 52,2026-08-03,2026-08-07,Planned,201,40,High
MS-00130,U-009,Exercise,Base 09,2025-10-25,2025-10-31,Active,49,19,High
MS-00131,U-051,Exercise,Base 51,2025-03-31,2025-04-12,Completed,215,28,Routine
MS-00132,U-024,Exercise,Base 24,2026-07-24,2026-08-03,Completed,100,18,Routine
MS-00133,U-038,Exercise,Base 38,2026-05-31,2026-06-06,Planned,281,17,Routine
MS-00134,U-010,Training,Base 10,2026-01-19,2026-01-20,Active,76,8,High
MS-00135,U-035,Training,Base 35,2026-02-04,2026-02-15,Active,102,36,Critical
MS-00136,U-043,Exercise,Base 43,2025-07-06,2025-07-11,Planned,279,40,High
MS-00137,U-059,Training,Base 59,2025-12-25,2026-01-08,Planned,68,32,Critical
MS-00138,U-008,Transport,Base 08,2026-01-10,2026-01-21,Planned,116,26,Routine
MS-00139,U-048,Transport,Base 48,2025-03-12,2025-03-16,Planned,132,16,High
MS-00140,U-025,Transport,Base 25,2025-11-09,2025-11-19,Active,164,31,Critical
MS-00141,U-019,Exercise,Base 19,2025-08-23,2025-08-27,Completed,92,29,High
MS-00142,U-036,Transport,Base 36,2025-10-02,2025-10-15,Completed,242,6,Routine
MS-00143,U-050,Transport,Base 50,2025-12-03,2025-12-10,Planned,59,28,Routine
MS-00144,U-039,Transport,Base 39,2026-01-28,2026-02-08,Active,209,30,Critical
MS-00145,U-032,Training,Base 32,2026-03-15,2026-03-16,Planned,58,32,Critical
MS-00146,U-011,Exercise,Base 11,2026-01-26,2026-02-09,Completed,261,16,Routine
MS-00147,U-029,Exercise,Base 29,2025-10-27,2025-10-30,Completed,274,10,High
MS-00148,U-013,Exercise,Base 13,2025-01-13,2025-01-27,Planned,238,39,High
MS-00149,U-026,Support,Base 26,2026-01-17,2026-01-19,Completed,169,25,Critical
MS-00150,U-026,Transport,Base 26,2025-11-18,2025-11-22,Planned,236,37,High
MS-00151,U-053,Support,Base 53,2025-11-07,2025-11-19,Planned,31,27,Critical
MS-00152,U-018,Transport,Base 18,2025-04-19,2025-04-25,Completed,201,24,Critical
MS-00153,U-052,Support,Base 52,2026-04-11,2026-04-20,Active,195,29,Critical
MS-00154,U-029,Support,Base 29,2026-04-26,2026-05-05,Active,196,29,Routine
MS-00155,U-013,Support,Base 13,2025-01-22,2025-02-04,Planned,136,12,High
MS-00156,U-056,Support,Base 56,2026-02-17,2026-02-27,Active,221,20,Critical
MS-00157,U-032,Training,Base 32,2025-07-31,2025-08-07,Planned,257,26,High
MS-00158,U-038,Transport,Base 38,2026-02-23,2026-03-09,Completed,75,36,Routine
MS-00159,U-044,Transport,Base 44,2026-05-09,2026-05-13,Completed,39,39,High
MS-00160,U-007,Training,Base 07,2026-08-12,2026-08-25,Planned,196,9,Routine
MS-00161,U-052,Transport,Base 52,2026-05-13,2026-05-20,Active,164,19,Routine
MS-00162,U-027,Support,Base 27,2025-02-21,2025-02-23,Active,71,26,Routine
MS-00163,U-028,Training,Base 28,2026-03-02,2026-03-17,Completed,103,31,Critical
MS-00164,U-045,Support,Base 45,2025-09-02,2025-09-05,Active,214,15,High
MS-00165,U-013,Training,Base 13,2025-03-08,2025-03-21,Planned,109,21,Routine
MS-00166,U-027,Exercise,Base 27,2026-05-28,2026-06-10,Active,43,4,High
MS-00167,U-031,Training,Base 31,2026-07-24,2026-07-27,Completed,254,9,High
MS-00168,U-028,Transport,Base 28,2025-03-30,2025-04-11,Planned,259,2,Routine
MS-00169,U-011,Support,Base 11,2026-07-11,2026-07-22,Planned,150,24,High
MS-00170,U-006,Transport,Base 06,2026-01-27,2026-02-03,Active,269,8,High
MS-00171,U-003,Training,Base 03,2025-01-02,2025-01-13,Planned,221,24,Routine
MS-00172,U-036,Support,Base 36,2025-12-06,2025-12-07,Active,153,22,High
MS-00173,U-031,Training,Base 31,2026-06-06,2026-06-15,Completed,113,11,Routine
MS-00174,U-056,Exercise,Base 56,2025-05-10,2025-05-11,Completed,197,32,Critical
MS-00175,U-029,Exercise,Base 29,2025-11-10,2025-11-15,Completed,89,5,Routine
MS-00176,U-033,Support,Base 33,2025-01-03,2025-01-18,Completed,93,2,Critical
MS-00177,U-025,Training,Base 25,2026-07-17,2026-07-31,Active,54,33,Routine
MS-00178,U-018,Training,Base 18,2026-03-16,2026-03-25,Completed,34,37,Routine
MS-00179,U-052,Training,Base 52,2026-05-16,2026-05-19,Active,61,29,High
MS-00180,U-007,Support,Base 07,2025-05-31,2025-06-01,Completed,219,23,Critical
MS-00181,U-015,Transport,Base 15,2026-02-11,2026-02-21,Planned,296,2,Critical
MS-00182,U-048,Training,Base 48,2025-04-09,2025-04-20,Completed,203,36,Critical
MS-00183,U-007,Training,Base 07,2025-08-19,2025-09-01,Completed,103,12,Routine
MS-00184,U-056,Training,Base 56,2025-02-09,2025-02-23,Active,34,10,Routine
MS-00185,U-016,Transport,Base 16,2025-01-22,2025-01-23,Planned,215,17,Critical
MS-00186,U-037,Training,Base 37,2025-09-24,2025-10-03,Active,170,35,Critical
MS-00187,U-005,Training,Base 05,2025-09-30,2025-10-01,Planned,94,18,Critical
MS-00188,U-029,Exercise,Base 29,2025-11-06,2025-11-18,Completed,174,15,High
MS-00189,U-020,Exercise,Base 20,2025-10-19,2025-10-30,Completed,208,26,High
MS-00190,U-055,Exercise,Base 55,2026-01-30,2026-02-13,Planned,223,13,Routine
MS-00191,U-015,Support,Base 15,2025-06-24,2025-07-04,Active,211,2,Routine
MS-00192,U-059,Training,Base 59,2026-05-10,2026-05-12,Active,119,10,Routine
MS-00193,U-026,Exercise,Base 26,2025-12-14,2025-12-23,Completed,96,26,Critical
MS-00194,U-031,Transport,Base 31,2025-02-04,2025-02-15,Active,78,16,Critical
MS-00195,U-035,Exercise,Base 35,2025-08-08,2025-08-18,Active,158,23,Critical
MS-00196,U-033,Training,Base 33,2025-03-31,2025-04-11,Completed,115,40,Routine
MS-00197,U-039,Exercise,Base 39,2025-09-06,2025-09-11,Active,36,7,Critical
MS-00198,U-024,Transport,Base 24,2025-03-04,2025-03-07,Completed,136,9,Routine
MS-00199,U-049,Training,Base 49,2026-07-18,2026-08-02,Completed,199,28,High
MS-00200,U-060,Support,Base 60,2025-07-10,2025-07-15,Active,100,34,High
MS-00201,U-060,Exercise,Base 60,2025-12-10,2025-12-22,Active,284,21,Routine
MS-00202,U-004,Transport,Base 04,2025-04-09,2025-04-22,Planned,115,12,Routine
MS-00203,U-017,Transport,Base 17,2025-07-02,2025-07-07,Completed,34,27,High
MS-00204,U-060,Transport,Base 60,2025-03-29,2025-04-08,Planned,110,10,Routine
MS-00205,U-004,Training,Base 04,2026-05-18,2026-05-30,Planned,162,36,High
MS-00206,U-005,Support,Base 05,2026-07-19,2026-07-31,Planned,106,24,High
MS-00207,U-045,Transport,Base 45,2025-05-02,2025-05-06,Active,58,9,Critical
MS-00208,U-031,Transport,Base 31,2025-06-24,2025-06-30,Completed,51,24,Routine
MS-00209,U-033,Exercise,Base 33,2025-06-29,2025-07-08,Planned,39,37,High
MS-00210,U-008,Exercise,Base 08,2026-04-08,2026-04-17,Completed,76,14,High
MS-00211,U-015,Transport,Base 15,2026-06-15,2026-06-23,Active,96,18,Routine
MS-00212,U-058,Transport,Base 58,2025-03-02,2025-03-10,Active,134,29,High
MS-00213,U-037,Support,Base 37,2026-01-19,2026-01-25,Completed,33,33,Critical
MS-00214,U-012,Support,Base 12,2026-05-06,2026-05-16,Active,154,29,Critical
MS-00215,U-037,Exercise,Base 37,2026-07-05,2026-07-20,Active,244,11,Routine
MS-00216,U-042,Training,Base 42,2025-08-22,2025-08-23,Active,240,6,High
MS-00217,U-032,Training,Base 32,2025-04-05,2025-04-20,Planned,263,13,High
MS-00218,U-004,Support,Base 04,2025-06-04,2025-06-16,Completed,60,4,Routine
MS-00219,U-027,Exercise,Base 27,2025-06-15,2025-06-16,Planned,125,2,Critical
MS-00220,U-014,Exercise,Base 14,2025-07-11,2025-07-24,Planned,64,21,Critical
MS-00221,U-015,Support,Base 15,2025-05-06,2025-05-15,Completed,54,23,Routine
MS-00222,U-006,Support,Base 06,2025-03-12,2025-03-16,Active,266,16,Routine
MS-00223,U-015,Support,Base 15,2026-04-19,2026-04-29,Planned,285,32,Routine
MS-00224,U-034,Training,Base 34,2026-04-07,2026-04-09,Active,40,21,Routine
MS-00225,U-055,Training,Base 55,2025-08-26,2025-09-06,Completed,278,3,Critical
MS-00226,U-038,Exercise,Base 38,2025-01-08,2025-01-20,Completed,254,29,High
MS-00227,U-011,Training,Base 11,2026-04-17,2026-04-29,Active,256,35,High
MS-00228,U-010,Support,Base 10,2026-01-18,2026-02-01,Planned,53,14,Critical
MS-00229,U-021,Exercise,Base 21,2025-11-12,2025-11-16,Active,255,18,High
MS-00230,U-035,Exercise,Base 35,2025-12-10,2025-12-23,Planned,203,18,High
MS-00231,U-011,Support,Base 11,2025-08-17,2025-08-22,Completed,41,13,High
MS-00232,U-046,Transport,Base 46,2026-07-24,2026-08-06,Completed,52,2,Critical
MS-00233,U-034,Exercise,Base 34,2025-06-05,2025-06-13,Active,20,35,Critical
MS-00234,U-029,Transport,Base 29,2025-10-08,2025-10-12,Active,193,40,Critical
MS-00235,U-051,Transport,Base 51,2026-03-20,2026-03-31,Completed,25,37,Critical
MS-00236,U-029,Transport,Base 29,2025-05-18,2025-05-23,Completed,273,33,High
MS-00237,U-016,Exercise,Base 16,2026-06-08,2026-06-20,Completed,242,36,Routine
MS-00238,U-024,Support,Base 24,2025-07-14,2025-07-19,Completed,288,7,Critical
MS-00239,U-008,Exercise,Base 08,2025-01-12,2025-01-25,Completed,97,9,Critical
MS-00240,U-034,Training,Base 34,2026-08-06,2026-08-11,Completed,235,39,Routine
MS-00241,U-006,Exercise,Base 06,2026-03-06,2026-03-19,Planned,196,6,High
MS-00242,U-019,Exercise,Base 19,2025-04-28,2025-05-06,Active,158,19,High
MS-00243,U-008,Transport,Base 08,2026-01-21,2026-02-04,Planned,112,17,Critical
MS-00244,U-002,Training,Base 02,2026-01-25,2026-01-27,Planned,27,9,High
MS-00245,U-042,Transport,Base 42,2025-10-06,2025-10-09,Completed,102,19,High
MS-00246,U-054,Exercise,Base 54,2026-04-21,2026-05-01,Active,51,26,Critical
MS-00247,U-059,Training,Base 59,2025-10-31,2025-11-15,Active,32,35,High
MS-00248,U-023,Transport,Base 23,2025-07-17,2025-07-26,Planned,124,12,Critical
MS-00249,U-018,Transport,Base 18,2025-08-02,2025-08-13,Planned,204,9,Routine
MS-00250,U-013,Exercise,Base 13,2025-08-20,2025-09-04,Planned,229,40,High
MS-00251,U-059,Support,Base 59,2025-10-02,2025-10-05,Active,113,19,High
MS-00252,U-037,Transport,Base 37,2025-08-13,2025-08-19,Active,234,33,Critical
MS-00253,U-034,Training,Base 34,2025-07-19,2025-08-01,Completed,266,12,Routine
MS-00254,U-020,Training,Base 20,2025-08-24,2025-09-07,Active,277,34,Critical
MS-00255,U-044,Support,Base 44,2025-10-07,2025-10-15,Active,212,29,High
MS-00256,U-027,Transport,Base 27,2025-10-16,2025-10-22,Planned,131,40,Routine
MS-00257,U-034,Exercise,Base 34,2025-09-25,2025-10-09,Active,156,33,High
MS-00258,U-060,Transport,Base 60,2026-02-16,2026-02-28,Completed,156,21,Routine
MS-00259,U-027,Transport,Base 27,2026-02-07,2026-02-10,Completed,130,12,Critical
MS-00260,U-013,Support,Base 13,2026-02-11,2026-02-12,Planned,35,6,Routine
MS-00261,U-042,Training,Base 42,2026-07-08,2026-07-11,Active,117,38,Critical
MS-00262,U-047,Exercise,Base 47,2025-07-13,2025-07-28,Active,38,3,High
MS-00263,U-028,Training,Base 28,2025-12-16,2025-12-31,Active,123,36,High
MS-00264,U-043,Training,Base 43,2025-05-07,2025-05-19,Active,59,36,High
MS-00265,U-005,Support,Base 05,2025-04-21,2025-05-05,Planned,240,19,Routine
MS-00266,U-045,Transport,Base 45,2026-02-28,2026-03-09,Active,204,6,Critical
MS-00267,U-053,Exercise,Base 53,2025-11-14,2025-11-19,Planned,272,33,Routine
MS-00268,U-023,Support,Base 23,2025-02-06,2025-02-19,Active,282,35,High
MS-00269,U-038,Transport,Base 38,2026-04-17,2026-04-19,Completed,134,13,Routine
MS-00270,U-034,Transport,Base 34,2025-11-17,2025-11-24,Active,137,29,High
MS-00271,U-053,Support,Base 53,2025-01-06,2025-01-10,Completed,95,7,High
MS-00272,U-041,Support,Base 41,2026-08-11,2026-08-26,Active,80,37,Routine
MS-00273,U-035,Exercise,Base 35,2026-08-11,2026-08-15,Active,185,6,Routine
MS-00274,U-010,Exercise,Base 10,2026-04-10,2026-04-20,Active,200,35,Routine
MS-00275,U-017,Training,Base 17,2026-04-16,2026-04-27,Active,190,26,Routine
MS-00276,U-016,Exercise,Base 16,2025-08-11,2025-08-21,Completed,254,38,Critical
MS-00277,U-059,Training,Base 59,2026-04-07,2026-04-16,Planned,192,19,Routine
MS-00278,U-017,Transport,Base 17,2026-01-30,2026-02-05,Planned,99,22,High
MS-00279,U-026,Training,Base 26,2025-07-30,2025-08-03,Active,132,2,Routine
MS-00280,U-015,Transport,Base 15,2025-01-08,2025-01-16,Active,215,27,Routine
MS-00281,U-016,Support,Base 16,2025-10-19,2025-10-25,Active,43,9,Routine
MS-00282,U-041,Exercise,Base 41,2026-06-23,2026-07-03,Completed,26,2,Routine
MS-00283,U-006,Transport,Base 06,2025-05-20,2025-05-23,Active,269,34,Routine
MS-00284,U-035,Transport,Base 35,2026-05-22,2026-05-24,Completed,217,24,High
MS-00285,U-053,Support,Base 53,2026-03-04,2026-03-12,Active,272,4,Critical
MS-00286,U-017,Training,Base 17,2025-08-30,2025-09-03,Completed,208,7,High
MS-00287,U-016,Support,Base 16,2026-01-18,2026-02-01,Completed,199,18,High
MS-00288,U-048,Support,Base 48,2025-06-19,2025-06-22,Planned,294,21,High
MS-00289,U-049,Training,Base 49,2026-02-19,2026-02-20,Active,269,21,Critical
MS-00290,U-001,Exercise,Base 01,2026-08-13,2026-08-24,Active,214,8,Critical
MS-00291,U-015,Exercise,Base 15,2026-01-18,2026-01-24,Active,172,8,Critical
MS-00292,U-051,Transport,Base 51,2026-01-15,2026-01-16,Active,179,34,Critical
MS-00293,U-052,Transport,Base 52,2026-02-16,2026-02-23,Active,148,26,Critical
MS-00294,U-024,Transport,Base 24,2025-10-05,2025-10-15,Completed,213,38,High
MS-00295,U-030,Transport,Base 30,2026-01-05,2026-01-12,Active,102,17,High
MS-00296,U-002,Exercise,Base 02,2025-02-16,2025-03-01,Planned,187,10,Routine
MS-00297,U-040,Transport,Base 40,2025-01-27,2025-01-28,Planned,65,24,Routine
MS-00298,U-031,Support,Base 31,2026-03-17,2026-03-27,Planned,158,12,Routine
MS-00299,U-007,Exercise,Base 07,2025-06-01,2025-06-09,Active,114,4,Critical
MS-00300,U-020,Transport,Base 20,2025-08-16,2025-08-19,Active,32,35,Routine
MS-00301,U-020,Transport,Base 20,2025-03-28,2025-04-05,Completed,282,32,Routine
MS-00302,U-019,Support,Base 19,2025-04-24,2025-05-02,Active,126,4,Critical
MS-00303,U-045,Support,Base 45,2026-04-13,2026-04-19,Completed,70,15,High
MS-00304,U-048,Training,Base 48,2025-03-12,2025-03-20,Completed,274,34,Critical
MS-00305,U-024,Transport,Base 24,2025-08-02,2025-08-17,Active,184,36,High
MS-00306,U-056,Transport,Base 56,2025-09-10,2025-09-16,Planned,194,9,High
MS-00307,U-018,Transport,Base 18,2025-04-18,2025-04-22,Completed,47,20,Routine
MS-00308,U-036,Support,Base 36,2026-05-20,2026-06-04,Completed,140,2,Critical
MS-00309,U-033,Training,Base 33,2025-10-29,2025-11-10,Active,238,18,Critical
MS-00310,U-008,Transport,Base 08,2025-11-02,2025-11-14,Active,205,5,Critical
MS-00311,U-056,Support,Base 56,2026-01-26,2026-01-30,Completed,189,33,Critical
MS-00312,U-044,Exercise,Base 44,2025-02-19,2025-02-25,Completed,28,35,Critical
MS-00313,U-001,Support,Base 01,2026-03-15,2026-03-25,Completed,286,20,High
MS-00314,U-018,Exercise,Base 18,2025-12-22,2026-01-02,Completed,112,40,High
MS-00315,U-023,Training,Base 23,2025-09-02,2025-09-03,Completed,262,28,Critical
MS-00316,U-033,Transport,Base 33,2025-03-05,2025-03-19,Completed,300,17,High
MS-00317,U-004,Exercise,Base 04,2025-12-30,2026-01-13,Planned,141,19,High
MS-00318,U-002,Training,Base 02,2025-07-06,2025-07-12,Completed,154,33,Critical
MS-00319,U-004,Transport,Base 04,2025-05-08,2025-05-11,Planned,193,3,Routine
MS-00320,U-041,Training,Base 41,2025-07-26,2025-08-05,Active,214,36,Routine
MS-00321,U-020,Support,Base 20,2025-02-06,2025-02-21,Active,83,3,High
MS-00322,U-023,Exercise,Base 23,2025-11-02,2025-11-13,Planned,167,26,Routine
MS-00323,U-026,Support,Base 26,2026-01-04,2026-01-19,Completed,129,3,Critical
MS-00324,U-028,Training,Base 28,2026-02-25,2026-03-12,Active,178,40,Routine
MS-00325,U-027,Exercise,Base 27,2026-01-20,2026-01-26,Planned,185,33,High
MS-00326,U-013,Exercise,Base 13,2026-08-12,2026-08-17,Completed,192,20,Routine
MS-00327,U-027,Support,Base 27,2025-07-10,2025-07-14,Active,128,6,Critical
MS-00328,U-010,Exercise,Base 10,2025-03-18,2025-03-27,Active,80,4,Routine
MS-00329,U-035,Training,Base 35,2026-05-16,2026-05-20,Planned,300,3,Routine
MS-00330,U-029,Exercise,Base 29,2026-05-27,2026-06-10,Planned,226,37,High
MS-00331,U-059,Training,Base 59,2025-01-12,2025-01-26,Completed,240,34,Critical
MS-00332,U-033,Support,Base 33,2025-11-02,2025-11-16,Active,65,29,High
MS-00333,U-003,Support,Base 03,2026-07-10,2026-07-14,Planned,53,13,High
MS-00334,U-009,Exercise,Base 09,2025-10-28,2025-10-30,Completed,47,25,High
MS-00335,U-013,Transport,Base 13,2025-08-24,2025-08-31,Planned,284,40,Critical
MS-00336,U-017,Support,Base 17,2026-05-05,2026-05-14,Completed,147,39,High
MS-00337,U-053,Training,Base 53,2025-08-08,2025-08-11,Completed,284,2,Routine
MS-00338,U-053,Support,Base 53,2025-12-11,2025-12-22,Completed,286,20,Critical
MS-00339,U-027,Exercise,Base 27,2025-06-06,2025-06-07,Active,113,16,Routine
MS-00340,U-011,Exercise,Base 11,2025-01-12,2025-01-27,Planned,89,26,Critical
MS-00341,U-035,Exercise,Base 35,2026-02-13,2026-02-27,Active,271,16,Critical
MS-00342,U-023,Transport,Base 23,2025-11-28,2025-12-04,Completed,45,24,Routine
MS-00343,U-041,Exercise,Base 41,2026-07-11,2026-07-25,Planned,258,26,Routine
MS-00344,U-020,Training,Base 20,2025-06-13,2025-06-26,Completed,90,20,High
MS-00345,U-015,Training,Base 15,2026-02-26,2026-03-06,Planned,21,18,Critical
MS-00346,U-050,Exercise,Base 50,2025-04-02,2025-04-03,Planned,40,5,Critical
MS-00347,U-057,Training,Base 57,2025-07-02,2025-07-17,Completed,72,14,High
MS-00348,U-043,Transport,Base 43,2026-05-04,2026-05-18,Planned,203,27,High
MS-00349,U-009,Support,Base 09,2026-01-16,2026-01-24,Completed,129,7,High
MS-00350,U-032,Exercise,Base 32,2025-03-13,2025-03-19,Active,246,13,High
MS-00351,U-027,Training,Base 27,2025-12-19,2025-12-23,Active,274,14,High
MS-00352,U-013,Exercise,Base 13,2025-11-11,2025-11-21,Active,32,3,Routine
MS-00353,U-011,Support,Base 11,2025-09-14,2025-09-15,Active,87,30,High
MS-00354,U-025,Training,Base 25,2025-01-29,2025-02-05,Active,211,39,High
MS-00355,U-049,Training,Base 49,2026-04-28,2026-05-03,Completed,76,8,Routine
MS-00356,U-047,Transport,Base 47,2026-05-31,2026-06-09,Completed,109,7,High
MS-00357,U-048,Training,Base 48,2025-06-29,2025-07-04,Planned,96,6,Critical
MS-00358,U-040,Exercise,Base 40,2025-09-20,2025-10-01,Planned,167,32,Critical
MS-00359,U-047,Exercise,Base 47,2026-07-31,2026-08-04,Completed,265,9,High
MS-00360,U-005,Transport,Base 05,2026-03-04,2026-03-17,Planned,277,38,Critical
MS-00361,U-042,Support,Base 42,2025-03-19,2025-03-26,Active,291,10,High
MS-00362,U-057,Exercise,Base 57,2025-11-12,2025-11-17,Completed,196,2,Critical
MS-00363,U-030,Support,Base 30,2025-09-02,2025-09-06,Active,286,32,Routine
MS-00364,U-015,Support,Base 15,2026-06-11,2026-06-23,Completed,107,39,Critical
MS-00365,U-024,Training,Base 24,2025-06-09,2025-06-10,Completed,248,16,High
MS-00366,U-020,Training,Base 20,2025-11-10,2025-11-25,Active,170,26,High
MS-00367,U-031,Training,Base 31,2025-09-21,2025-10-05,Completed,82,17,Routine
MS-00368,U-006,Exercise,Base 06,2025-01-15,2025-01-28,Completed,85,12,Critical
MS-00369,U-005,Exercise,Base 05,2026-06-28,2026-07-04,Planned,201,36,Critical
MS-00370,U-005,Support,Base 05,2025-06-17,2025-06-24,Planned,289,28,High
MS-00371,U-003,Support,Base 03,2026-06-05,2026-06-09,Active,141,25,Routine
MS-00372,U-005,Transport,Base 05,2025-09-10,2025-09-22,Active,108,22,Critical
MS-00373,U-017,Transport,Base 17,2026-08-13,2026-08-19,Completed,29,15,Routine
MS-00374,U-031,Exercise,Base 31,2026-02-16,2026-02-17,Active,129,12,High
MS-00375,U-031,Training,Base 31,2025-02-25,2025-03-01,Active,281,8,High
MS-00376,U-006,Support,Base 06,2025-10-12,2025-10-16,Completed,203,30,High
MS-00377,U-046,Transport,Base 46,2025-12-18,2026-01-01,Completed,82,30,Routine
MS-00378,U-049,Exercise,Base 49,2025-07-18,2025-07-20,Completed,193,18,Critical
MS-00379,U-030,Transport,Base 30,2026-02-06,2026-02-14,Planned,66,25,Critical
MS-00380,U-037,Training,Base 37,2025-03-17,2025-03-24,Completed,191,7,High
MS-00381,U-010,Training,Base 10,2026-07-26,2026-07-31,Active,59,15,High
MS-00382,U-004,Training,Base 04,2025-04-27,2025-05-11,Active,175,32,Routine
MS-00383,U-057,Support,Base 57,2025-06-27,2025-07-07,Planned,165,23,Routine
MS-00384,U-007,Training,Base 07,2026-08-01,2026-08-13,Completed,61,26,High
MS-00385,U-051,Exercise,Base 51,2025-10-25,2025-11-03,Planned,27,23,High
MS-00386,U-055,Exercise,Base 55,2025-01-11,2025-01-20,Completed,135,35,Critical
MS-00387,U-052,Transport,Base 52,2025-01-14,2025-01-27,Active,29,31,Critical
MS-00388,U-026,Exercise,Base 26,2025-04-20,2025-05-04,Planned,257,39,Critical
MS-00389,U-051,Transport,Base 51,2026-03-13,2026-03-25,Planned,60,16,Routine
MS-00390,U-007,Training,Base 07,2026-07-24,2026-07-25,Planned,287,31,Critical
MS-00391,U-048,Transport,Base 48,2025-03-20,2025-03-28,Completed,81,29,High
MS-00392,U-005,Transport,Base 05,2026-03-10,2026-03-17,Completed,45,38,Critical
MS-00393,U-058,Training,Base 58,2026-03-17,2026-03-25,Planned,293,23,Routine
MS-00394,U-047,Support,Base 47,2026-03-12,2026-03-13,Active,208,11,Critical
MS-00395,U-034,Training,Base 34,2026-01-10,2026-01-20,Completed,50,6,High
MS-00396,U-059,Exercise,Base 59,2025-10-23,2025-11-03,Completed,29,27,Critical
MS-00397,U-051,Transport,Base 51,2026-07-25,2026-07-27,Active,298,37,Critical
MS-00398,U-006,Training,Base 06,2025-03-24,2025-04-04,Completed,293,33,Routine
MS-00399,U-018,Exercise,Base 18,2026-06-08,2026-06-17,Completed,79,18,Critical
MS-00400,U-058,Training,Base 58,2026-02-18,2026-02-26,Completed,254,8,Critical
MS-00401,U-025,Transport,Base 25,2026-08-09,2026-08-14,Active,91,14,Routine
MS-00402,U-051,Transport,Base 51,2025-07-25,2025-07-28,Planned,217,37,Routine
MS-00403,U-040,Transport,Base 40,2026-01-27,2026-02-04,Active,132,24,High
MS-00404,U-002,Exercise,Base 02,2025-02-16,2025-02-23,Planned,169,24,Routine
MS-00405,U-041,Support,Base 41,2025-05-30,2025-06-11,Completed,51,13,Routine
MS-00406,U-034,Support,Base 34,2026-04-01,2026-04-02,Active,295,9,High
MS-00407,U-047,Training,Base 47,2026-04-22,2026-05-06,Active,160,2,Critical
MS-00408,U-026,Training,Base 26,2025-07-08,2025-07-11,Planned,102,11,High
MS-00409,U-050,Transport,Base 50,2026-08-05,2026-08-09,Completed,238,12,Routine
MS-00410,U-055,Transport,Base 55,2025-01-06,2025-01-10,Active,247,10,High
MS-00411,U-052,Exercise,Base 52,2025-05-20,2025-05-27,Completed,257,25,High
MS-00412,U-057,Transport,Base 57,2025-01-16,2025-01-26,Completed,129,3,Routine
MS-00413,U-030,Support,Base 30,2025-11-28,2025-12-06,Completed,211,5,Critical
MS-00414,U-050,Support,Base 50,2026-06-13,2026-06-14,Planned,225,37,Routine
MS-00415,U-037,Exercise,Base 37,2025-09-24,2025-10-08,Completed,46,19,Critical
MS-00416,U-045,Training,Base 45,2026-03-06,2026-03-09,Planned,172,10,High
MS-00417,U-047,Exercise,Base 47,2025-03-28,2025-04-04,Active,251,35,Routine
MS-00418,U-003,Training,Base 03,2025-10-03,2025-10-06,Active,105,35,Critical
MS-00419,U-036,Support,Base 36,2025-06-22,2025-07-02,Completed,269,2,Critical
MS-00420,U-057,Training,Base 57,2026-03-27,2026-03-28,Active,181,12,Critical
MS-00421,U-020,Transport,Base 20,2025-06-27,2025-07-02,Active,64,4,Routine
MS-00422,U-040,Support,Base 40,2026-08-11,2026-08-24,Active,68,3,Routine
MS-00423,U-026,Transport,Base 26,2026-04-29,2026-05-13,Active,38,39,Routine
MS-00424,U-047,Transport,Base 47,2025-12-15,2025-12-18,Completed,32,39,Critical
MS-00425,U-014,Exercise,Base 14,2025-04-21,2025-04-30,Active,141,19,Routine
MS-00426,U-002,Exercise,Base 02,2026-04-13,2026-04-18,Planned,131,4,High
MS-00427,U-048,Transport,Base 48,2025-11-11,2025-11-12,Planned,87,33,Critical
MS-00428,U-023,Training,Base 23,2026-07-12,2026-07-21,Completed,69,40,High
MS-00429,U-018,Transport,Base 18,2026-06-03,2026-06-10,Planned,244,18,Critical
MS-00430,U-057,Support,Base 57,2025-06-09,2025-06-13,Active,295,27,High
MS-00431,U-011,Exercise,Base 11,2025-12-09,2025-12-14,Completed,162,31,Routine
MS-00432,U-060,Transport,Base 60,2026-05-13,2026-05-16,Completed,205,36,Critical
MS-00433,U-058,Exercise,Base 58,2025-11-02,2025-11-09,Completed,63,11,High
MS-00434,U-023,Exercise,Base 23,2025-01-27,2025-01-29,Completed,39,8,Routine
MS-00435,U-052,Exercise,Base 52,2025-10-04,2025-10-18,Planned,73,8,Critical
MS-00436,U-027,Training,Base 27,2025-02-24,2025-03-03,Active,71,3,Critical
MS-00437,U-053,Support,Base 53,2026-02-14,2026-02-21,Planned,112,7,High
MS-00438,U-036,Training,Base 36,2025-10-05,2025-10-08,Planned,29,12,Routine
MS-00439,U-025,Exercise,Base 25,2025-07-19,2025-08-01,Completed,54,4,Critical
MS-00440,U-009,Transport,Base 09,2025-10-15,2025-10-19,Active,202,21,Routine
MS-00441,U-043,Training,Base 43,2025-12-19,2026-01-02,Planned,219,20,Routine
MS-00442,U-037,Exercise,Base 37,2026-02-08,2026-02-20,Completed,108,19,High
MS-00443,U-059,Training,Base 59,2025-05-21,2025-06-01,Active,54,35,Critical
MS-00444,U-037,Exercise,Base 37,2026-05-18,2026-05-25,Active,178,19,High
MS-00445,U-010,Support,Base 10,2025-01-18,2025-01-26,Completed,167,24,High
MS-00446,U-005,Exercise,Base 05,2026-08-14,2026-08-25,Completed,264,14,High
MS-00447,U-045,Exercise,Base 45,2025-06-01,2025-06-06,Active,66,8,High
MS-00448,U-002,Exercise,Base 02,2026-04-20,2026-05-04,Active,243,26,High
MS-00449,U-039,Exercise,Base 39,2025-05-16,2025-05-24,Active,118,35,Routine
MS-00450,U-055,Transport,Base 55,2026-08-01,2026-08-04,Completed,78,16,Critical
MS-00451,U-017,Transport,Base 17,2025-05-27,2025-06-04,Active,233,21,Critical
MS-00452,U-043,Support,Base 43,2026-08-06,2026-08-09,Active,181,30,Routine
MS-00453,U-027,Exercise,Base 27,2025-10-25,2025-11-07,Active,163,34,Critical
MS-00454,U-037,Support,Base 37,2026-01-04,2026-01-09,Active,156,16,Critical
MS-00455,U-018,Training,Base 18,2026-01-08,2026-01-13,Completed,222,15,Critical
MS-00456,U-031,Exercise,Base 31,2025-03-23,2025-04-06,Active,91,4,High
MS-00457,U-014,Transport,Base 14,2025-09-04,2025-09-19,Completed,202,39,Critical
MS-00458,U-046,Transport,Base 46,2026-05-04,2026-05-14,Completed,181,27,High
MS-00459,U-023,Transport,Base 23,2026-03-05,2026-03-12,Planned,236,33,High
MS-00460,U-026,Transport,Base 26,2026-03-28,2026-04-07,Planned,67,16,High
MS-00461,U-045,Exercise,Base 45,2026-06-07,2026-06-14,Planned,162,2,Routine
MS-00462,U-011,Support,Base 11,2025-11-05,2025-11-08,Active,236,18,Critical
MS-00463,U-023,Support,Base 23,2025-07-24,2025-08-07,Planned,165,20,Critical
MS-00464,U-041,Exercise,Base 41,2025-05-17,2025-05-22,Completed,68,2,Routine
MS-00465,U-019,Support,Base 19,2026-08-09,2026-08-15,Planned,41,5,High
MS-00466,U-054,Exercise,Base 54,2026-05-30,2026-06-12,Planned,118,29,High
MS-00467,U-005,Training,Base 05,2025-10-27,2025-11-06,Active,185,40,Critical
MS-00468,U-006,Support,Base 06,2026-07-04,2026-07-12,Completed,200,15,Critical
MS-00469,U-030,Exercise,Base 30,2026-08-14,2026-08-15,Completed,254,36,Routine
MS-00470,U-049,Exercise,Base 49,2025-09-19,2025-09-20,Planned,45,33,High
MS-00471,U-003,Exercise,Base 03,2025-12-06,2025-12-17,Active,185,19,High
MS-00472,U-008,Training,Base 08,2025-08-03,2025-08-08,Active,84,40,High
MS-00473,U-012,Exercise,Base 12,2025-06-02,2025-06-13,Planned,190,39,High
MS-00474,U-001,Exercise,Base 01,2025-07-15,2025-07-18,Planned,69,25,High
MS-00475,U-059,Transport,Base 59,2026-08-11,2026-08-21,Planned,208,38,Routine
MS-00476,U-059,Exercise,Base 59,2025-10-02,2025-10-12,Planned,244,9,High
MS-00477,U-026,Transport,Base 26,2025-12-13,2025-12-28,Active,214,4,Routine
MS-00478,U-035,Exercise,Base 35,2025-03-30,2025-04-10,Completed,20,15,Routine
MS-00479,U-036,Support,Base 36,2025-02-15,2025-02-18,Planned,201,14,Critical
MS-00480,U-013,Exercise,Base 13,2026-02-11,2026-02-26,Completed,156,9,High
MS-00481,U-038,Exercise,Base 38,2025-06-09,2025-06-20,Completed,193,6,High
MS-00482,U-054,Exercise,Base 54,2026-07-13,2026-07-27,Active,70,20,High
MS-00483,U-036,Support,Base 36,2026-05-26,2026-06-02,Active,80,33,Routine
MS-00484,U-031,Support,Base 31,2025-01-15,2025-01-17,Completed,126,36,High
MS-00485,U-023,Support,Base 23,2025-02-12,2025-02-18,Completed,223,31,Routine
MS-00486,U-006,Exercise,Base 06,2025-07-23,2025-07-26,Active,123,6,Critical
MS-00487,U-058,Transport,Base 58,2025-07-09,2025-07-13,Completed,215,26,Critical
MS-00488,U-025,Exercise,Base 25,2025-05-12,2025-05-16,Planned,213,13,Routine
MS-00489,U-022,Transport,Base 22,2025-08-21,2025-09-04,Completed,27,26,Routine
MS-00490,U-005,Training,Base 05,2025-10-26,2025-11-07,Active,87,2,High
MS-00491,U-046,Transport,Base 46,2026-07-21,2026-07-31,Planned,164,18,High
MS-00492,U-024,Support,Base 24,2025-08-14,2025-08-21,Active,34,32,High
MS-00493,U-034,Support,Base 34,2025-04-22,2025-05-06,Planned,116,25,Routine
MS-00494,U-014,Training,Base 14,2025-09-08,2025-09-23,Planned,160,6,High
MS-00495,U-023,Exercise,Base 23,2025-04-24,2025-05-05,Active,249,24,High
MS-00496,U-024,Support,Base 24,2026-07-03,2026-07-09,Completed,153,34,Critical
MS-00497,U-016,Training,Base 16,2026-06-03,2026-06-12,Planned,212,7,Routine
MS-00498,U-013,Training,Base 13,2025-12-15,2025-12-25,Active,193,2,High
MS-00499,U-052,Exercise,Base 52,2025-07-30,2025-08-11,Planned,51,32,Routine
MS-00500,U-037,Transport,Base 37,2025-09-14,2025-09-21,Active,218,29,High
MS-00501,U-029,Exercise,Base 29,2025-07-18,2025-08-02,Active,227,13,Critical
MS-00502,U-034,Support,Base 34,2026-02-11,2026-02-15,Planned,254,23,High
MS-00503,U-032,Exercise,Base 32,2025-01-24,2025-02-04,Active,112,7,High
MS-00504,U-013,Support,Base 13,2026-01-03,2026-01-18,Planned,136,38,High
MS-00505,U-011,Support,Base 11,2026-04-01,2026-04-10,Planned,96,36,Critical
MS-00506,U-008,Training,Base 08,2025-12-26,2026-01-01,Planned,215,2,High
MS-00507,U-004,Training,Base 04,2025-06-29,2025-07-04,Completed,255,31,Routine
MS-00508,U-025,Exercise,Base 25,2025-10-15,2025-10-19,Active,192,33,Critical
MS-00509,U-060,Support,Base 60,2025-06-12,2025-06-17,Planned,165,10,Routine
MS-00510,U-057,Exercise,Base 57,2025-11-29,2025-12-06,Planned,284,21,Routine
MS-00511,U-049,Support,Base 49,2025-09-11,2025-09-22,Planned,219,3,High
MS-00512,U-045,Training,Base 45,2025-05-29,2025-06-02,Planned,95,16,Critical
MS-00513,U-008,Transport,Base 08,2025-05-21,2025-05-29,Planned,277,32,High
MS-00514,U-023,Transport,Base 23,2025-09-20,2025-09-27,Planned,27,14,Critical
MS-00515,U-008,Training,Base 08,2026-07-10,2026-07-19,Completed,204,39,Routine
MS-00516,U-031,Exercise,Base 31,2025-11-15,2025-11-29,Planned,110,40,Critical
MS-00517,U-027,Transport,Base 27,2025-10-29,2025-11-13,Completed,286,10,High
MS-00518,U-032,Transport,Base 32,2025-05-08,2025-05-18,Active,82,39,High
MS-00519,U-008,Training,Base 08,2025-08-21,2025-08-26,Completed,248,32,Routine
MS-00520,U-038,Exercise,Base 38,2025-04-09,2025-04-18,Planned,165,21,Routine
MS-00521,U-047,Transport,Base 47,2025-04-30,2025-05-08,Planned,20,37,Routine
MS-00522,U-013,Training,Base 13,2025-04-01,2025-04-03,Completed,93,24,Critical
MS-00523,U-055,Support,Base 55,2026-07-14,2026-07-25,Planned,284,18,Critical
MS-00524,U-017,Training,Base 17,2025-06-24,2025-06-26,Planned,279,3,High
MS-00525,U-024,Exercise,Base 24,2025-11-30,2025-12-03,Planned,210,9,Routine
MS-00526,U-007,Transport,Base 07,2026-05-04,2026-05-17,Planned,177,30,High
MS-00527,U-028,Training,Base 28,2025-08-23,2025-08-29,Active,277,15,High
MS-00528,U-002,Training,Base 02,2025-11-07,2025-11-08,Planned,103,14,High
MS-00529,U-049,Support,Base 49,2025-05-07,2025-05-13,Active,212,34,Routine
MS-00530,U-008,Exercise,Base 08,2025-05-21,2025-06-05,Active,208,34,Routine
MS-00531,U-050,Training,Base 50,2025-09-04,2025-09-14,Planned,189,7,Critical
MS-00532,U-051,Support,Base 51,2026-03-19,2026-03-31,Completed,211,11,High
MS-00533,U-003,Transport,Base 03,2026-01-10,2026-01-19,Planned,258,13,Routine
MS-00534,U-053,Exercise,Base 53,2026-01-07,2026-01-20,Planned,282,35,High
MS-00535,U-050,Support,Base 50,2026-01-02,2026-01-16,Active,99,30,High
MS-00536,U-051,Support,Base 51,2025-02-04,2025-02-10,Planned,165,24,Critical
MS-00537,U-052,Transport,Base 52,2025-11-24,2025-12-08,Completed,89,12,Routine
MS-00538,U-021,Training,Base 21,2025-10-29,2025-11-13,Active,76,13,Critical
MS-00539,U-033,Training,Base 33,2026-07-31,2026-08-08,Active,147,25,Critical
MS-00540,U-056,Training,Base 56,2025-08-30,2025-08-31,Planned,239,15,Routine
MS-00541,U-014,Exercise,Base 14,2025-02-22,2025-03-05,Active,245,7,Critical
MS-00542,U-056,Transport,Base 56,2025-12-29,2026-01-13,Completed,240,14,Routine
MS-00543,U-039,Exercise,Base 39,2026-01-19,2026-01-26,Completed,84,6,High
MS-00544,U-045,Training,Base 45,2026-03-10,2026-03-15,Planned,212,15,High
MS-00545,U-019,Exercise,Base 19,2026-05-19,2026-05-23,Planned,28,15,High
MS-00546,U-026,Training,Base 26,2025-09-07,2025-09-18,Planned,47,10,High
MS-00547,U-041,Training,Base 41,2026-06-08,2026-06-22,Active,253,23,Critical
MS-00548,U-017,Transport,Base 17,2025-01-21,2025-01-25,Active,292,37,High
MS-00549,U-022,Transport,Base 22,2026-07-14,2026-07-17,Active,279,34,Critical
MS-00550,U-031,Exercise,Base 31,2026-02-04,2026-02-12,Active,256,19,High
MS-00551,U-004,Support,Base 04,2025-01-11,2025-01-26,Completed,66,2,High
MS-00552,U-056,Support,Base 56,2026-07-29,2026-08-11,Planned,250,3,Routine
MS-00553,U-024,Training,Base 24,2025-04-01,2025-04-03,Planned,157,38,High
MS-00554,U-017,Exercise,Base 17,2025-12-13,2025-12-27,Active,264,5,High
MS-00555,U-018,Exercise,Base 18,2025-09-22,2025-10-05,Planned,262,6,Critical
MS-00556,U-012,Support,Base 12,2025-11-25,2025-12-08,Completed,234,8,Routine
MS-00557,U-021,Transport,Base 21,2025-12-03,2025-12-06,Completed,35,10,High
MS-00558,U-036,Exercise,Base 36,2025-07-08,2025-07-10,Completed,52,9,Routine
MS-00559,U-060,Support,Base 60,2025-01-31,2025-02-10,Completed,117,9,Routine
MS-00560,U-050,Transport,Base 50,2026-03-21,2026-04-01,Planned,83,24,Routine
MS-00561,U-010,Transport,Base 10,2025-07-30,2025-08-05,Active,236,3,Critical
MS-00562,U-052,Exercise,Base 52,2026-05-07,2026-05-22,Planned,131,33,High
MS-00563,U-025,Exercise,Base 25,2026-04-24,2026-05-05,Planned,51,26,Routine
MS-00564,U-028,Transport,Base 28,2025-02-24,2025-03-08,Active,234,20,Routine
MS-00565,U-023,Exercise,Base 23,2025-04-08,2025-04-17,Active,111,37,Critical
MS-00566,U-018,Exercise,Base 18,2025-01-23,2025-02-03,Completed,163,4,High
MS-00567,U-040,Transport,Base 40,2025-01-21,2025-01-25,Planned,118,22,Routine
MS-00568,U-007,Support,Base 07,2026-04-11,2026-04-23,Active,168,29,Routine
MS-00569,U-023,Support,Base 23,2026-01-02,2026-01-05,Completed,61,6,Routine
MS-00570,U-060,Exercise,Base 60,2025-09-24,2025-09-29,Planned,73,10,High
MS-00571,U-047,Support,Base 47,2026-07-17,2026-07-31,Completed,209,36,Critical
MS-00572,U-015,Support,Base 15,2025-12-02,2025-12-10,Active,294,15,Critical
MS-00573,U-042,Transport,Base 42,2026-02-24,2026-03-03,Active,229,19,High
MS-00574,U-049,Transport,Base 49,2026-02-20,2026-02-28,Active,130,7,Critical
MS-00575,U-024,Training,Base 24,2026-05-19,2026-05-25,Planned,73,13,Critical
MS-00576,U-016,Transport,Base 16,2025-09-16,2025-09-30,Planned,150,15,Routine
MS-00577,U-030,Transport,Base 30,2026-07-21,2026-07-27,Completed,277,18,High
MS-00578,U-039,Support,Base 39,2025-03-05,2025-03-18,Active,49,32,High
MS-00579,U-008,Training,Base 08,2025-11-14,2025-11-28,Completed,36,11,Critical
MS-00580,U-028,Exercise,Base 28,2025-01-14,2025-01-16,Planned,147,30,High
MS-00581,U-054,Exercise,Base 54,2025-03-10,2025-03-19,Active,299,40,Critical
MS-00582,U-007,Training,Base 07,2025-08-13,2025-08-22,Active,77,9,Routine
MS-00583,U-019,Exercise,Base 19,2026-04-16,2026-04-25,Planned,157,19,Critical
MS-00584,U-051,Transport,Base 51,2025-09-17,2025-09-23,Active,88,24,High
MS-00585,U-031,Exercise,Base 31,2025-05-18,2025-06-01,Planned,52,38,Critical
MS-00586,U-051,Exercise,Base 51,2025-12-06,2025-12-21,Active,23,38,High
MS-00587,U-024,Training,Base 24,2025-05-16,2025-05-22,Planned,87,6,High
MS-00588,U-022,Exercise,Base 22,2026-01-01,2026-01-06,Completed,108,2,Routine
MS-00589,U-001,Training,Base 01,2026-06-30,2026-07-11,Completed,172,8,High
MS-00590,U-016,Training,Base 16,2026-04-14,2026-04-17,Active,111,34,High
MS-00591,U-021,Support,Base 21,2026-03-16,2026-03-18,Completed,138,24,High
MS-00592,U-035,Exercise,Base 35,2026-07-26,2026-08-07,Active,272,14,Routine
MS-00593,U-030,Exercise,Base 30,2026-03-03,2026-03-13,Planned,40,17,High
MS-00594,U-031,Support,Base 31,2026-04-08,2026-04-10,Active,24,12,High
MS-00595,U-045,Training,Base 45,2025-07-17,2025-07-28,Completed,132,15,High
MS-00596,U-035,Exercise,Base 35,2025-11-18,2025-11-30,Completed,54,20,Critical
MS-00597,U-018,Exercise,Base 18,2025-02-10,2025-02-18,Completed,240,32,Routine
MS-00598,U-015,Exercise,Base 15,2026-04-15,2026-04-17,Planned,278,11,Routine
MS-00599,U-049,Training,Base 49,2025-02-18,2025-02-25,Planned,36,22,Critical
MS-00600,U-050,Transport,Base 50,2026-01-08,2026-01-17,Planned,257,4,High
MS-00601,U-010,Support,Base 10,2026-01-13,2026-01-25,Completed,259,28,Critical
MS-00602,U-046,Training,Base 46,2026-02-21,2026-03-05,Active,87,25,High
MS-00603,U-038,Training,Base 38,2026-02-06,2026-02-07,Completed,23,13,Critical
MS-00604,U-041,Support,Base 41,2026-04-26,2026-05-09,Completed,85,15,Critical
MS-00605,U-002,Training,Base 02,2026-01-05,2026-01-07,Active,79,27,Critical
MS-00606,U-053,Support,Base 53,2026-03-23,2026-04-02,Completed,217,35,Critical
MS-00607,U-050,Training,Base 50,2025-07-05,2025-07-09,Completed,106,35,Critical
MS-00608,U-056,Transport,Base 56,2025-03-02,2025-03-05,Completed,297,22,Critical
MS-00609,U-044,Transport,Base 44,2025-10-26,2025-11-02,Active,226,34,Critical
MS-00610,U-037,Support,Base 37,2025-12-06,2025-12-09,Active,59,16,Routine
MS-00611,U-047,Transport,Base 47,2025-02-02,2025-02-07,Active,68,32,Critical
MS-00612,U-021,Transport,Base 21,2025-08-04,2025-08-16,Planned,197,28,High
MS-00613,U-056,Exercise,Base 56,2025-12-25,2025-12-30,Completed,232,12,High
MS-00614,U-002,Transport,Base 02,2025-11-13,2025-11-28,Active,227,15,Routine
MS-00615,U-028,Transport,Base 28,2026-01-31,2026-02-14,Active,269,5,Routine
MS-00616,U-004,Support,Base 04,2025-08-15,2025-08-23,Planned,28,18,High
MS-00617,U-018,Exercise,Base 18,2025-05-09,2025-05-12,Planned,40,29,Critical
MS-00618,U-026,Transport,Base 26,2025-01-22,2025-02-05,Planned,276,3,Critical
MS-00619,U-054,Transport,Base 54,2026-07-03,2026-07-10,Planned,23,10,Critical
MS-00620,U-036,Training,Base 36,2025-04-10,2025-04-11,Planned,279,34,Routine
MS-00621,U-029,Transport,Base 29,2025-05-25,2025-05-28,Active,264,23,Routine
MS-00622,U-002,Training,Base 02,2026-07-29,2026-08-12,Completed,94,11,High
MS-00623,U-054,Training,Base 54,2026-03-10,2026-03-25,Completed,135,19,Critical
MS-00624,U-021,Training,Base 21,2026-06-19,2026-06-20,Active,186,4,Routine
MS-00625,U-034,Transport,Base 34,2026-01-16,2026-01-29,Completed,54,20,Critical
MS-00626,U-025,Exercise,Base 25,2025-12-25,2026-01-01,Completed,106,9,Routine
MS-00627,U-029,Transport,Base 29,2025-03-08,2025-03-11,Completed,67,32,Routine
MS-00628,U-033,Training,Base 33,2026-03-06,2026-03-07,Planned,240,34,Routine
MS-00629,U-055,Support,Base 55,2026-05-01,2026-05-16,Active,54,29,High
MS-00630,U-035,Transport,Base 35,2025-11-19,2025-11-27,Active,146,16,Routine
MS-00631,U-043,Exercise,Base 43,2025-11-30,2025-12-12,Planned,228,15,High
MS-00632,U-036,Support,Base 36,2025-04-03,2025-04-04,Active,175,17,High
MS-00633,U-057,Transport,Base 57,2025-05-28,2025-06-08,Completed,78,23,Routine
MS-00634,U-048,Exercise,Base 48,2025-09-03,2025-09-09,Planned,61,36,High
MS-00635,U-045,Support,Base 45,2026-01-25,2026-02-09,Completed,21,19,High
MS-00636,U-025,Exercise,Base 25,2025-04-05,2025-04-19,Active,37,29,Critical
MS-00637,U-059,Transport,Base 59,2025-03-08,2025-03-20,Planned,54,26,Routine
MS-00638,U-034,Support,Base 34,2025-07-27,2025-08-06,Planned,297,29,High
MS-00639,U-013,Training,Base 13,2026-03-15,2026-03-28,Active,173,24,Routine
MS-00640,U-043,Exercise,Base 43,2025-03-20,2025-03-29,Completed,205,5,Routine
MS-00641,U-053,Transport,Base 53,2026-04-21,2026-05-04,Planned,123,26,Critical
MS-00642,U-005,Transport,Base 05,2025-07-01,2025-07-03,Completed,105,26,Routine
MS-00643,U-059,Exercise,Base 59,2026-06-23,2026-06-26,Completed,52,22,Critical
MS-00644,U-011,Support,Base 11,2025-03-10,2025-03-12,Planned,142,15,Critical
MS-00645,U-030,Exercise,Base 30,2025-07-31,2025-08-01,Planned,217,4,Routine
MS-00646,U-042,Training,Base 42,2025-06-13,2025-06-23,Planned,203,31,Routine
MS-00647,U-030,Transport,Base 30,2026-04-18,2026-04-25,Planned,171,8,Routine
MS-00648,U-036,Transport,Base 36,2025-11-12,2025-11-15,Active,265,10,High
MS-00649,U-039,Exercise,Base 39,2025-10-07,2025-10-11,Completed,217,18,Critical
MS-00650,U-020,Support,Base 20,2025-03-23,2025-03-27,Active,282,18,Critical
MS-00651,U-021,Support,Base 21,2026-01-05,2026-01-17,Active,211,22,High
MS-00652,U-056,Support,Base 56,2025-09-19,2025-09-22,Planned,194,6,High
MS-00653,U-006,Training,Base 06,2025-08-29,2025-09-10,Active,95,24,High
MS-00654,U-034,Exercise,Base 34,2026-03-18,2026-03-22,Active,117,15,Routine
MS-00655,U-023,Exercise,Base 23,2026-03-14,2026-03-27,Planned,136,8,Routine
MS-00656,U-008,Training,Base 08,2025-09-07,2025-09-10,Active,235,32,Critical
MS-00657,U-045,Support,Base 45,2025-02-25,2025-03-09,Active,128,25,Critical
MS-00658,U-041,Support,Base 41,2025-06-30,2025-07-02,Active,59,8,Critical
MS-00659,U-038,Support,Base 38,2025-01-31,2025-02-11,Planned,45,34,High
MS-00660,U-038,Support,Base 38,2026-08-07,2026-08-22,Active,125,4,Critical
MS-00661,U-042,Support,Base 42,2025-03-06,2025-03-15,Planned,62,40,Critical
MS-00662,U-052,Exercise,Base 52,2026-03-09,2026-03-12,Active,281,11,Critical
MS-00663,U-037,Exercise,Base 37,2026-02-21,2026-03-02,Active,156,17,Routine
MS-00664,U-049,Training,Base 49,2025-11-22,2025-11-25,Planned,147,25,Critical
MS-00665,U-046,Exercise,Base 46,2026-07-29,2026-08-04,Planned,288,30,High
MS-00666,U-043,Exercise,Base 43,2026-03-23,2026-03-31,Completed,273,38,Routine
MS-00667,U-012,Transport,Base 12,2025-10-14,2025-10-21,Completed,159,12,Routine
MS-00668,U-042,Training,Base 42,2025-12-19,2025-12-24,Planned,159,3,Critical
MS-00669,U-047,Training,Base 47,2025-07-10,2025-07-11,Active,40,33,High
MS-00670,U-017,Support,Base 17,2025-05-29,2025-06-13,Planned,154,37,Critical
MS-00671,U-036,Exercise,Base 36,2025-02-07,2025-02-12,Completed,218,36,Critical
MS-00672,U-036,Training,Base 36,2025-08-01,2025-08-05,Planned,75,23,Critical
MS-00673,U-026,Training,Base 26,2026-01-01,2026-01-08,Planned,288,8,High
MS-00674,U-004,Transport,Base 04,2025-09-10,2025-09-19,Completed,194,19,High
MS-00675,U-016,Training,Base 16,2026-03-08,2026-03-18,Active,108,28,Routine
MS-00676,U-014,Transport,Base 14,2025-09-24,2025-10-05,Completed,49,34,Critical
MS-00677,U-005,Training,Base 05,2025-03-15,2025-03-21,Planned,213,28,Routine
MS-00678,U-046,Transport,Base 46,2025-10-26,2025-11-06,Completed,219,25,Critical
MS-00679,U-043,Exercise,Base 43,2025-10-02,2025-10-11,Planned,199,32,Routine
MS-00680,U-004,Exercise,Base 04,2026-05-10,2026-05-17,Active,69,18,Routine
MS-00681,U-012,Support,Base 12,2025-06-20,2025-07-04,Planned,193,39,High
MS-00682,U-001,Transport,Base 01,2026-01-22,2026-01-31,Completed,200,13,Routine
MS-00683,U-057,Exercise,Base 57,2026-01-06,2026-01-16,Planned,174,20,Routine
MS-00684,U-028,Transport,Base 28,2025-01-20,2025-01-29,Planned,167,36,Critical
MS-00685,U-045,Exercise,Base 45,2026-02-09,2026-02-18,Active,273,20,High
MS-00686,U-029,Training,Base 29,2025-11-20,2025-11-27,Planned,86,29,Critical
MS-00687,U-014,Exercise,Base 14,2026-03-21,2026-04-01,Active,279,39,Critical
MS-00688,U-031,Exercise,Base 31,2025-08-28,2025-09-01,Completed,201,4,High
MS-00689,U-030,Training,Base 30,2025-10-09,2025-10-17,Completed,130,14,High
MS-00690,U-060,Training,Base 60,2025-01-07,2025-01-08,Completed,193,23,Routine
MS-00691,U-008,Support,Base 08,2025-07-24,2025-07-28,Completed,136,7,High
MS-00692,U-047,Training,Base 47,2025-05-18,2025-05-30,Completed,236,16,Routine
MS-00693,U-033,Transport,Base 33,2026-06-03,2026-06-07,Planned,151,3,Routine
MS-00694,U-026,Exercise,Base 26,2025-05-08,2025-05-10,Completed,286,22,Routine
MS-00695,U-025,Support,Base 25,2025-08-01,2025-08-05,Active,43,30,Critical
MS-00696,U-051,Transport,Base 51,2026-06-17,2026-06-25,Completed,283,37,High
MS-00697,U-027,Exercise,Base 27,2025-05-25,2025-05-31,Completed,88,3,Critical
MS-00698,U-045,Exercise,Base 45,2025-03-31,2025-04-09,Completed,220,34,Routine
MS-00699,U-031,Training,Base 31,2025-06-18,2025-06-22,Planned,175,4,Routine
MS-00700,U-050,Exercise,Base 50,2026-06-06,2026-06-11,Planned,244,30,Critical
MS-00701,U-017,Exercise,Base 17,2025-04-21,2025-05-05,Planned,84,31,Routine
MS-00702,U-042,Exercise,Base 42,2025-12-31,2026-01-13,Active,76,39,High
MS-00703,U-034,Support,Base 34,2025-06-23,2025-07-01,Completed,132,19,Routine
MS-00704,U-051,Training,Base 51,2025-09-27,2025-10-01,Completed,248,8,Critical
MS-00705,U-052,Training,Base 52,2026-06-26,2026-07-07,Planned,120,22,High
MS-00706,U-031,Training,Base 31,2025-08-25,2025-08-30,Completed,255,9,High
MS-00707,U-054,Support,Base 54,2026-04-03,2026-04-11,Completed,253,40,Routine
MS-00708,U-008,Exercise,Base 08,2026-07-07,2026-07-15,Active,85,17,Routine
MS-00709,U-028,Exercise,Base 28,2026-03-30,2026-04-10,Active,75,23,High
MS-00710,U-018,Support,Base 18,2025-06-13,2025-06-21,Active,251,30,Critical
MS-00711,U-045,Transport,Base 45,2025-01-21,2025-02-01,Active,148,23,Critical
MS-00712,U-035,Exercise,Base 35,2026-02-28,2026-03-04,Completed,158,14,Routine
MS-00713,U-016,Exercise,Base 16,2026-01-12,2026-01-19,Active,85,34,High
MS-00714,U-029,Transport,Base 29,2025-11-25,2025-11-30,Planned,276,20,Routine
MS-00715,U-054,Transport,Base 54,2025-01-16,2025-01-19,Active,21,40,Critical
MS-00716,U-032,Transport,Base 32,2026-06-17,2026-06-25,Completed,22,6,Critical
MS-00717,U-037,Training,Base 37,2026-02-20,2026-03-07,Planned,219,30,Critical
MS-00718,U-014,Support,Base 14,2026-08-03,2026-08-11,Planned,119,26,Critical
MS-00719,U-046,Training,Base 46,2025-02-02,2025-02-12,Planned,41,38,High
MS-00720,U-048,Support,Base 48,2026-07-01,2026-07-15,Active,275,38,Critical
MS-00721,U-016,Exercise,Base 16,2025-09-07,2025-09-22,Active,75,14,High
MS-00722,U-057,Transport,Base 57,2025-05-14,2025-05-15,Planned,117,7,Critical
MS-00723,U-022,Training,Base 22,2025-06-03,2025-06-08,Completed,266,20,High
MS-00724,U-060,Training,Base 60,2025-11-26,2025-12-08,Active,111,11,Critical
MS-00725,U-059,Exercise,Base 59,2025-12-03,2025-12-09,Completed,215,31,Critical
MS-00726,U-034,Transport,Base 34,2026-06-18,2026-06-27,Planned,25,25,Critical
MS-00727,U-022,Training,Base 22,2025-09-26,2025-10-01,Active,23,3,Routine
MS-00728,U-035,Support,Base 35,2026-08-07,2026-08-11,Completed,133,30,Routine
MS-00729,U-019,Transport,Base 19,2025-06-29,2025-07-03,Planned,277,34,Routine
MS-00730,U-051,Support,Base 51,2025-05-06,2025-05-21,Planned,256,13,Critical
MS-00731,U-018,Transport,Base 18,2025-06-10,2025-06-24,Active,226,40,High
MS-00732,U-021,Support,Base 21,2026-05-19,2026-05-28,Planned,192,16,Critical
MS-00733,U-030,Exercise,Base 30,2025-11-19,2025-11-22,Active,26,33,Routine
MS-00734,U-006,Exercise,Base 06,2025-11-22,2025-11-28,Completed,22,13,Routine
MS-00735,U-010,Training,Base 10,2025-10-03,2025-10-14,Active,138,12,Critical
MS-00736,U-059,Support,Base 59,2025-03-28,2025-04-10,Planned,117,31,Critical
MS-00737,U-057,Exercise,Base 57,2025-01-18,2025-01-25,Planned,178,2,Critical
MS-00738,U-044,Transport,Base 44,2026-02-23,2026-02-26,Planned,138,37,High
MS-00739,U-021,Exercise,Base 21,2026-01-11,2026-01-19,Planned,116,13,Routine
MS-00740,U-003,Support,Base 03,2026-06-27,2026-07-08,Active,173,19,Critical
MS-00741,U-051,Support,Base 51,2025-05-05,2025-05-06,Planned,216,8,Routine
MS-00742,U-033,Transport,Base 33,2026-01-15,2026-01-26,Completed,48,19,Routine
MS-00743,U-038,Training,Base 38,2025-07-12,2025-07-17,Active,215,19,Routine
MS-00744,U-024,Exercise,Base 24,2025-04-22,2025-05-01,Active,113,12,High
MS-00745,U-008,Support,Base 08,2025-08-18,2025-08-30,Planned,210,5,Routine
MS-00746,U-002,Support,Base 02,2025-05-11,2025-05-14,Active,100,9,Routine
MS-00747,U-037,Transport,Base 37,2025-05-20,2025-06-04,Planned,81,20,Routine
MS-00748,U-032,Transport,Base 32,2025-08-28,2025-08-29,Active,90,8,Critical
MS-00749,U-018,Training,Base 18,2025-03-28,2025-04-11,Active,46,7,Critical
MS-00750,U-053,Support,Base 53,2025-12-14,2025-12-25,Active,67,2,High
MS-00751,U-040,Transport,Base 40,2026-05-06,2026-05-17,Active,296,7,High
MS-00752,U-060,Transport,Base 60,2025-09-10,2025-09-24,Active,175,9,Critical
MS-00753,U-055,Training,Base 55,2026-08-08,2026-08-18,Planned,64,33,High
MS-00754,U-016,Exercise,Base 16,2025-01-23,2025-02-02,Planned,72,8,High
MS-00755,U-018,Exercise,Base 18,2025-08-03,2025-08-17,Completed,248,5,Routine
MS-00756,U-043,Exercise,Base 43,2025-10-27,2025-11-11,Active,174,37,Critical
MS-00757,U-009,Training,Base 09,2025-01-29,2025-02-03,Planned,198,26,Routine
MS-00758,U-042,Exercise,Base 42,2025-01-31,2025-02-10,Planned,116,13,Critical
MS-00759,U-032,Training,Base 32,2025-07-15,2025-07-28,Completed,94,38,Routine
MS-00760,U-040,Support,Base 40,2026-04-12,2026-04-18,Planned,84,5,Critical
MS-00761,U-041,Training,Base 41,2025-11-19,2025-11-25,Completed,257,8,High
MS-00762,U-029,Support,Base 29,2025-03-15,2025-03-23,Planned,179,19,Critical
MS-00763,U-002,Support,Base 02,2025-04-10,2025-04-11,Completed,250,10,High
MS-00764,U-052,Support,Base 52,2025-07-26,2025-08-06,Planned,104,21,Critical
MS-00765,U-038,Exercise,Base 38,2026-04-11,2026-04-19,Planned,121,3,High
MS-00766,U-036,Training,Base 36,2026-03-12,2026-03-21,Completed,79,38,Routine
MS-00767,U-060,Support,Base 60,2025-03-04,2025-03-18,Planned,92,36,Critical
MS-00768,U-023,Exercise,Base 23,2025-10-23,2025-10-28,Active,92,27,Routine
MS-00769,U-028,Transport,Base 28,2026-02-04,2026-02-10,Planned,51,8,High
MS-00770,U-051,Support,Base 51,2026-03-19,2026-03-22,Completed,296,18,Critical
MS-00771,U-008,Training,Base 08,2025-01-19,2025-01-20,Completed,190,36,Routine
MS-00772,U-046,Exercise,Base 46,2026-03-26,2026-03-31,Completed,38,23,Critical
MS-00773,U-048,Transport,Base 48,2026-03-21,2026-03-31,Completed,69,32,Routine
MS-00774,U-038,Support,Base 38,2025-05-07,2025-05-14,Planned,282,8,High
MS-00775,U-053,Support,Base 53,2025-09-07,2025-09-12,Completed,135,14,Critical
MS-00776,U-020,Exercise,Base 20,2025-08-02,2025-08-12,Planned,90,28,Critical
MS-00777,U-030,Support,Base 30,2026-06-02,2026-06-06,Active,45,13,Routine
MS-00778,U-033,Support,Base 33,2025-12-16,2025-12-17,Planned,205,27,High
MS-00779,U-022,Exercise,Base 22,2026-06-21,2026-06-25,Completed,150,5,High
MS-00780,U-035,Training,Base 35,2026-01-02,2026-01-08,Planned,206,7,Critical
MS-00781,U-053,Transport,Base 53,2026-04-28,2026-05-10,Active,196,4,High
MS-00782,U-057,Transport,Base 57,2025-10-31,2025-11-14,Planned,91,3,Critical
MS-00783,U-024,Transport,Base 24,2025-10-14,2025-10-20,Completed,64,13,Critical
MS-00784,U-014,Exercise,Base 14,2025-03-16,2025-03-29,Completed,165,39,High
MS-00785,U-058,Support,Base 58,2025-10-04,2025-10-07,Planned,141,11,Critical
MS-00786,U-041,Transport,Base 41,2026-08-11,2026-08-22,Planned,255,20,Routine
MS-00787,U-029,Support,Base 29,2026-02-25,2026-02-26,Completed,184,23,Routine
MS-00788,U-037,Training,Base 37,2025-11-08,2025-11-17,Planned,214,20,Routine
MS-00789,U-057,Support,Base 57,2026-03-21,2026-03-30,Planned,106,34,Critical
MS-00790,U-059,Exercise,Base 59,2025-03-07,2025-03-19,Completed,102,24,Routine
MS-00791,U-011,Exercise,Base 11,2025-04-18,2025-05-02,Planned,164,26,Routine
MS-00792,U-016,Exercise,Base 16,2025-04-18,2025-04-25,Completed,209,25,High
MS-00793,U-015,Support,Base 15,2026-03-13,2026-03-14,Active,171,14,Routine
MS-00794,U-021,Exercise,Base 21,2025-02-11,2025-02-17,Completed,171,2,High
MS-00795,U-043,Transport,Base 43,2026-01-09,2026-01-21,Completed,166,7,High
MS-00796,U-060,Training,Base 60,2026-02-04,2026-02-08,Completed,94,34,Routine
MS-00797,U-047,Support,Base 47,2026-01-28,2026-02-03,Completed,254,18,Critical
MS-00798,U-007,Exercise,Base 07,2026-02-07,2026-02-20,Completed,206,28,Critical
MS-00799,U-026,Training,Base 26,2025-11-20,2025-11-27,Completed,26,27,Routine
MS-00800,U-016,Transport,Base 16,2026-01-28,2026-02-03,Planned,220,9,High
MS-00801,U-008,Exercise,Base 08,2025-03-28,2025-04-04,Planned,229,31,Critical
MS-00802,U-025,Support,Base 25,2025-08-19,2025-08-24,Planned,228,11,Routine
MS-00803,U-020,Support,Base 20,2025-10-18,2025-10-25,Planned,108,34,High
MS-00804,U-006,Training,Base 06,2025-12-19,2025-12-22,Planned,289,15,High
MS-00805,U-039,Training,Base 39,2025-10-19,2025-10-27,Planned,168,6,High
MS-00806,U-048,Support,Base 48,2025-08-09,2025-08-21,Active,232,5,Routine
MS-00807,U-004,Training,Base 04,2026-04-27,2026-05-05,Completed,43,25,Routine
MS-00808,U-019,Exercise,Base 19,2025-12-09,2025-12-13,Completed,300,8,High
MS-00809,U-044,Transport,Base 44,2026-01-07,2026-01-17,Planned,296,5,Critical
MS-00810,U-044,Exercise,Base 44,2026-02-07,2026-02-16,Completed,215,21,Critical
MS-00811,U-051,Training,Base 51,2026-05-21,2026-05-22,Planned,209,30,High
MS-00812,U-020,Exercise,Base 20,2026-03-16,2026-03-20,Completed,123,12,High
MS-00813,U-009,Training,Base 09,2026-07-05,2026-07-12,Active,93,33,Routine
MS-00814,U-059,Exercise,Base 59,2025-05-26,2025-06-03,Active,229,26,Critical
MS-00815,U-022,Training,Base 22,2026-03-22,2026-03-30,Active,48,26,Critical
MS-00816,U-050,Training,Base 50,2025-02-15,2025-03-02,Active,274,33,Routine
MS-00817,U-060,Training,Base 60,2025-07-19,2025-07-25,Planned,248,28,Routine
MS-00818,U-017,Training,Base 17,2026-04-16,2026-04-23,Completed,260,9,High
MS-00819,U-017,Support,Base 17,2025-01-29,2025-02-01,Completed,76,10,Routine
MS-00820,U-017,Transport,Base 17,2025-09-19,2025-10-01,Completed,109,19,Critical
MS-00821,U-017,Training,Base 17,2025-03-31,2025-04-07,Completed,295,13,High
MS-00822,U-007,Exercise,Base 07,2025-11-05,2025-11-06,Planned,194,32,Critical
MS-00823,U-052,Support,Base 52,2025-03-14,2025-03-18,Planned,28,33,Routine
MS-00824,U-015,Exercise,Base 15,2025-09-02,2025-09-08,Completed,233,32,Routine
MS-00825,U-022,Support,Base 22,2025-07-17,2025-07-28,Planned,40,36,High
MS-00826,U-006,Support,Base 06,2026-07-03,2026-07-12,Planned,217,5,High
MS-00827,U-037,Support,Base 37,2026-02-17,2026-02-22,Planned,300,40,High
MS-00828,U-027,Exercise,Base 27,2026-08-09,2026-08-11,Active,119,2,Critical
MS-00829,U-054,Transport,Base 54,2026-03-28,2026-04-06,Completed,129,37,Critical
MS-00830,U-042,Transport,Base 42,2025-01-29,2025-01-30,Completed,157,8,High
MS-00831,U-005,Training,Base 05,2026-02-10,2026-02-21,Planned,70,14,Routine
MS-00832,U-026,Transport,Base 26,2025-07-25,2025-07-30,Planned,198,14,Critical
MS-00833,U-060,Exercise,Base 60,2026-03-06,2026-03-17,Active,168,34,Routine
MS-00834,U-033,Exercise,Base 33,2026-07-30,2026-08-05,Planned,264,18,Critical
MS-00835,U-038,Training,Base 38,2026-06-20,2026-06-26,Planned,149,5,Routine
MS-00836,U-020,Training,Base 20,2025-09-07,2025-09-09,Active,295,40,Critical
MS-00837,U-049,Training,Base 49,2025-05-26,2025-06-05,Planned,137,23,Critical
MS-00838,U-019,Transport,Base 19,2025-09-27,2025-10-03,Planned,31,23,Critical
MS-00839,U-029,Exercise,Base 29,2025-07-27,2025-07-29,Planned,185,10,High
MS-00840,U-005,Transport,Base 05,2025-10-11,2025-10-24,Planned,247,35,Routine
MS-00841,U-054,Transport,Base 54,2025-10-30,2025-11-11,Planned,225,29,Routine
MS-00842,U-028,Exercise,Base 28,2025-08-08,2025-08-14,Active,90,35,Routine
MS-00843,U-027,Training,Base 27,2025-07-20,2025-07-30,Planned,242,16,Routine
MS-00844,U-030,Support,Base 30,2025-09-06,2025-09-19,Active,200,27,Critical
MS-00845,U-041,Training,Base 41,2025-09-13,2025-09-23,Planned,190,30,Routine
MS-00846,U-047,Exercise,Base 47,2025-03-03,2025-03-09,Planned,37,17,High
MS-00847,U-014,Training,Base 14,2025-05-03,2025-05-06,Planned,110,14,Critical
MS-00848,U-021,Support,Base 21,2026-02-19,2026-02-21,Active,154,14,Routine
MS-00849,U-024,Exercise,Base 24,2026-04-03,2026-04-16,Active,28,22,High
MS-00850,U-020,Exercise,Base 20,2025-05-12,2025-05-16,Planned,293,29,Routine
MS-00851,U-025,Support,Base 25,2026-06-01,2026-06-10,Planned,250,10,Critical
MS-00852,U-043,Training,Base 43,2026-06-08,2026-06-09,Active,149,25,High
MS-00853,U-020,Support,Base 20,2025-12-02,2025-12-17,Active,45,32,High
MS-00854,U-041,Training,Base 41,2025-02-26,2025-02-27,Active,217,4,Critical
MS-00855,U-037,Training,Base 37,2026-03-23,2026-03-28,Completed,136,22,Critical
MS-00856,U-050,Transport,Base 50,2025-08-20,2025-08-26,Planned,272,6,High
MS-00857,U-045,Transport,Base 45,2025-04-26,2025-05-11,Planned,237,15,Routine
MS-00858,U-025,Training,Base 25,2025-01-20,2025-01-31,Active,28,7,Routine
MS-00859,U-044,Support,Base 44,2025-06-17,2025-06-19,Active,117,3,Routine
MS-00860,U-057,Training,Base 57,2026-02-13,2026-02-16,Completed,277,20,High
MS-00861,U-015,Exercise,Base 15,2025-02-10,2025-02-17,Planned,41,14,High
MS-00862,U-002,Transport,Base 02,2025-08-01,2025-08-04,Active,224,11,Critical
MS-00863,U-047,Exercise,Base 47,2025-12-18,2025-12-23,Active,169,37,High
MS-00864,U-053,Exercise,Base 53,2025-04-13,2025-04-24,Completed,289,37,Critical
MS-00865,U-015,Exercise,Base 15,2025-06-13,2025-06-27,Active,179,17,Critical
MS-00866,U-025,Transport,Base 25,2026-05-23,2026-06-01,Completed,139,14,Critical
MS-00867,U-044,Training,Base 44,2025-09-28,2025-10-05,Completed,239,27,Critical
MS-00868,U-009,Exercise,Base 09,2025-08-01,2025-08-02,Planned,269,15,High
MS-00869,U-001,Training,Base 01,2025-09-03,2025-09-16,Completed,168,29,High
MS-00870,U-015,Transport,Base 15,2026-06-04,2026-06-05,Planned,285,12,High
MS-00871,U-044,Exercise,Base 44,2026-04-07,2026-04-12,Completed,192,24,High
MS-00872,U-011,Support,Base 11,2026-07-26,2026-08-01,Planned,282,36,High
MS-00873,U-041,Support,Base 41,2025-09-18,2025-09-20,Active,156,16,Critical
MS-00874,U-003,Transport,Base 03,2025-12-23,2026-01-03,Completed,155,34,Critical
MS-00875,U-033,Exercise,Base 33,2025-08-26,2025-09-10,Active,286,29,Routine
MS-00876,U-059,Exercise,Base 59,2026-07-03,2026-07-16,Planned,259,25,Critical
MS-00877,U-015,Support,Base 15,2026-08-11,2026-08-22,Planned,204,26,High
MS-00878,U-049,Exercise,Base 49,2026-03-10,2026-03-11,Planned,149,13,High
MS-00879,U-003,Support,Base 03,2026-06-12,2026-06-22,Completed,191,20,Critical
MS-00880,U-053,Transport,Base 53,2026-06-23,2026-07-04,Active,130,34,Critical
MS-00881,U-001,Support,Base 01,2026-01-11,2026-01-26,Completed,138,18,High
MS-00882,U-051,Training,Base 51,2025-03-23,2025-03-31,Planned,40,18,High
MS-00883,U-042,Exercise,Base 42,2026-07-22,2026-07-28,Planned,178,18,High
MS-00884,U-051,Support,Base 51,2025-05-15,2025-05-21,Planned,115,18,Critical
MS-00885,U-007,Exercise,Base 07,2025-10-21,2025-10-30,Completed,152,22,Critical
MS-00886,U-012,Support,Base 12,2025-04-10,2025-04-12,Planned,40,24,Critical
MS-00887,U-057,Training,Base 57,2026-05-08,2026-05-21,Planned,224,40,Critical
MS-00888,U-017,Exercise,Base 17,2026-01-25,2026-02-03,Completed,62,26,High
MS-00889,U-047,Exercise,Base 47,2026-05-26,2026-05-31,Active,275,37,Critical
MS-00890,U-029,Exercise,Base 29,2025-11-16,2025-11-17,Completed,225,28,Routine
MS-00891,U-057,Training,Base 57,2025-05-13,2025-05-28,Active,161,29,Routine
MS-00892,U-060,Support,Base 60,2025-02-02,2025-02-15,Completed,272,36,Critical
MS-00893,U-027,Support,Base 27,2025-12-12,2025-12-18,Completed,216,28,High
MS-00894,U-030,Training,Base 30,2025-08-07,2025-08-21,Active,132,11,Routine
MS-00895,U-008,Transport,Base 08,2025-06-20,2025-06-26,Planned,239,7,High
MS-00896,U-057,Training,Base 57,2025-10-09,2025-10-19,Planned,279,21,High
MS-00897,U-045,Transport,Base 45,2025-04-14,2025-04-16,Planned,230,34,Routine
MS-00898,U-045,Training,Base 45,2025-06-12,2025-06-24,Completed,92,36,Critical
MS-00899,U-041,Support,Base 41,2025-03-01,2025-03-16,Active,268,9,Routine
MS-00900,U-024,Exercise,Base 24,2026-03-05,2026-03-08,Active,135,40,Critical
MS-00901,U-002,Training,Base 02,2025-10-11,2025-10-23,Active,97,33,Routine
MS-00902,U-009,Support,Base 09,2025-10-07,2025-10-19,Completed,181,36,Critical
MS-00903,U-046,Exercise,Base 46,2025-04-11,2025-04-18,Active,196,38,High
MS-00904,U-059,Exercise,Base 59,2026-04-02,2026-04-11,Completed,56,9,High
MS-00905,U-043,Training,Base 43,2026-03-29,2026-04-06,Active,216,14,Routine
MS-00906,U-045,Support,Base 45,2025-11-20,2025-11-29,Active,225,11,Critical
MS-00907,U-048,Training,Base 48,2026-04-21,2026-05-06,Active,67,35,Critical
MS-00908,U-037,Support,Base 37,2025-03-09,2025-03-18,Active,163,19,Routine
MS-00909,U-054,Training,Base 54,2025-05-14,2025-05-25,Planned,43,34,Routine
MS-00910,U-022,Training,Base 22,2026-07-23,2026-07-28,Planned,128,25,Critical
MS-00911,U-020,Transport,Base 20,2025-03-04,2025-03-17,Planned,168,12,Routine
MS-00912,U-020,Transport,Base 20,2026-01-07,2026-01-22,Planned,111,34,High
MS-00913,U-025,Transport,Base 25,2026-04-24,2026-05-01,Completed,181,16,Critical
MS-00914,U-027,Exercise,Base 27,2026-02-23,2026-02-28,Completed,128,39,Routine
MS-00915,U-044,Exercise,Base 44,2025-11-11,2025-11-25,Active,123,33,Routine
MS-00916,U-013,Training,Base 13,2025-06-27,2025-07-08,Completed,46,35,Routine
MS-00917,U-039,Transport,Base 39,2025-11-03,2025-11-08,Planned,50,11,Routine
MS-00918,U-034,Support,Base 34,2025-10-31,2025-11-13,Completed,139,24,Critical
MS-00919,U-038,Support,Base 38,2025-04-22,2025-04-24,Completed,263,34,High
MS-00920,U-053,Transport,Base 53,2025-09-21,2025-10-03,Planned,103,38,High
MS-00921,U-006,Exercise,Base 06,2025-06-21,2025-07-04,Completed,95,34,High
MS-00922,U-002,Exercise,Base 02,2025-02-06,2025-02-16,Active,212,12,High
MS-00923,U-028,Support,Base 28,2026-01-17,2026-02-01,Active,84,11,High
MS-00924,U-026,Transport,Base 26,2025-06-07,2025-06-12,Active,256,28,Routine
MS-00925,U-054,Exercise,Base 54,2025-06-09,2025-06-16,Completed,199,18,High
MS-00926,U-059,Training,Base 59,2026-03-01,2026-03-14,Completed,47,14,High
MS-00927,U-004,Exercise,Base 04,2026-03-27,2026-03-29,Active,211,25,High
MS-00928,U-050,Support,Base 50,2025-12-28,2026-01-12,Planned,290,10,High
MS-00929,U-050,Transport,Base 50,2026-04-09,2026-04-21,Active,254,7,Routine
MS-00930,U-031,Transport,Base 31,2025-03-15,2025-03-29,Planned,226,8,Critical
MS-00931,U-005,Exercise,Base 05,2026-04-29,2026-05-08,Planned,269,23,Critical
MS-00932,U-049,Transport,Base 49,2025-04-01,2025-04-10,Planned,81,35,Critical
MS-00933,U-058,Support,Base 58,2026-03-16,2026-03-20,Planned,125,31,Critical
MS-00934,U-018,Training,Base 18,2025-02-28,2025-03-02,Planned,206,32,Routine
MS-00935,U-023,Support,Base 23,2026-02-16,2026-03-01,Active,24,5,Routine
MS-00936,U-017,Exercise,Base 17,2026-05-14,2026-05-27,Planned,169,4,High
MS-00937,U-042,Training,Base 42,2025-12-03,2025-12-12,Completed,39,5,Routine
MS-00938,U-058,Exercise,Base 58,2026-03-31,2026-04-15,Planned,233,6,High
MS-00939,U-028,Exercise,Base 28,2025-07-30,2025-07-31,Active,255,20,Routine
MS-00940,U-014,Support,Base 14,2026-04-28,2026-05-06,Planned,236,10,Routine
MS-00941,U-008,Training,Base 08,2025-10-09,2025-10-10,Active,94,27,Critical
MS-00942,U-002,Training,Base 02,2026-01-15,2026-01-30,Planned,100,10,High
MS-00943,U-025,Support,Base 25,2025-06-16,2025-06-23,Active,46,8,Routine
MS-00944,U-019,Exercise,Base 19,2025-05-25,2025-05-30,Planned,280,33,High
MS-00945,U-015,Support,Base 15,2025-02-01,2025-02-13,Planned,276,27,Routine
MS-00946,U-033,Exercise,Base 33,2025-04-23,2025-05-02,Active,123,9,Critical
MS-00947,U-026,Transport,Base 26,2026-06-18,2026-06-22,Completed,55,14,Critical
MS-00948,U-023,Support,Base 23,2026-06-01,2026-06-12,Completed,147,33,Critical
MS-00949,U-019,Support,Base 19,2026-04-03,2026-04-08,Completed,83,40,Critical
MS-00950,U-032,Exercise,Base 32,2026-07-01,2026-07-13,Active,129,38,Routine
MS-00951,U-051,Support,Base 51,2026-05-19,2026-05-23,Active,285,12,Critical
MS-00952,U-049,Support,Base 49,2025-08-19,2025-08-31,Planned,254,22,High
MS-00953,U-006,Training,Base 06,2025-07-28,2025-07-29,Completed,183,20,High
MS-00954,U-002,Transport,Base 02,2025-12-10,2025-12-18,Completed,200,14,Routine
MS-00955,U-019,Support,Base 19,2025-04-26,2025-05-03,Planned,40,32,Routine
MS-00956,U-051,Transport,Base 51,2025-06-11,2025-06-21,Planned,80,19,Critical
MS-00957,U-007,Training,Base 07,2025-01-13,2025-01-27,Active,261,37,High
MS-00958,U-033,Training,Base 33,2026-08-02,2026-08-10,Completed,124,26,Routine
MS-00959,U-001,Transport,Base 01,2025-10-10,2025-10-23,Completed,195,33,Critical
MS-00960,U-019,Training,Base 19,2025-05-24,2025-06-07,Completed,137,31,Routine
MS-00961,U-030,Support,Base 30,2025-08-01,2025-08-16,Completed,196,14,High
MS-00962,U-010,Transport,Base 10,2025-09-19,2025-09-24,Planned,263,9,Routine
MS-00963,U-059,Training,Base 59,2025-06-12,2025-06-27,Planned,181,6,High
MS-00964,U-042,Training,Base 42,2025-09-05,2025-09-15,Active,43,5,Critical
MS-00965,U-007,Transport,Base 07,2025-05-28,2025-06-09,Planned,211,17,High
MS-00966,U-048,Support,Base 48,2025-02-22,2025-03-04,Completed,28,34,Critical
MS-00967,U-023,Training,Base 23,2025-08-30,2025-08-31,Completed,153,4,Routine
MS-00968,U-014,Transport,Base 14,2026-05-21,2026-05-30,Planned,220,33,Critical
MS-00969,U-052,Training,Base 52,2025-05-14,2025-05-28,Active,271,26,Critical
MS-00970,U-009,Training,Base 09,2025-09-27,2025-09-29,Active,189,38,Critical
MS-00971,U-039,Exercise,Base 39,2025-09-07,2025-09-16,Active,170,21,High
MS-00972,U-039,Exercise,Base 39,2025-10-19,2025-10-25,Active,187,8,High
MS-00973,U-038,Exercise,Base 38,2025-10-07,2025-10-14,Active,144,23,High
MS-00974,U-041,Training,Base 41,2025-06-15,2025-06-16,Completed,58,3,Critical
MS-00975,U-024,Exercise,Base 24,2025-02-10,2025-02-23,Planned,70,33,Routine
MS-00976,U-060,Support,Base 60,2026-01-08,2026-01-16,Active,69,31,High
MS-00977,U-048,Exercise,Base 48,2025-09-26,2025-10-05,Planned,288,21,High
MS-00978,U-037,Transport,Base 37,2026-03-29,2026-04-09,Active,58,9,High
MS-00979,U-048,Transport,Base 48,2025-10-25,2025-11-06,Active,235,21,Routine
MS-00980,U-048,Support,Base 48,2025-09-07,2025-09-16,Planned,140,26,High
MS-00981,U-001,Training,Base 01,2025-02-11,2025-02-16,Active,300,28,Critical
MS-00982,U-051,Training,Base 51,2025-05-21,2025-06-02,Completed,270,8,Critical
MS-00983,U-044,Training,Base 44,2026-07-09,2026-07-23,Active,119,5,Critical
MS-00984,U-029,Transport,Base 29,2025-12-16,2025-12-30,Completed,228,8,High
MS-00985,U-021,Transport,Base 21,2026-07-22,2026-07-24,Planned,120,2,Routine
MS-00986,U-047,Support,Base 47,2025-07-29,2025-08-01,Active,228,20,High
MS-00987,U-012,Training,Base 12,2025-01-23,2025-02-03,Completed,269,13,Critical
MS-00988,U-033,Training,Base 33,2025-09-04,2025-09-17,Active,176,7,Critical
MS-00989,U-056,Support,Base 56,2025-01-30,2025-02-13,Planned,110,40,High
MS-00990,U-013,Exercise,Base 13,2026-06-08,2026-06-11,Completed,179,40,Critical
MS-00991,U-048,Exercise,Base 48,2025-06-07,2025-06-11,Active,197,8,Critical
MS-00992,U-057,Support,Base 57,2025-06-15,2025-06-27,Completed,181,35,Routine
MS-00993,U-045,Training,Base 45,2026-03-29,2026-04-01,Planned,114,24,High
MS-00994,U-034,Training,Base 34,2025-07-21,2025-07-25,Completed,291,8,Routine
MS-00995,U-015,Transport,Base 15,2025-01-18,2025-01-30,Active,96,22,Routine
MS-00996,U-028,Exercise,Base 28,2025-02-19,2025-02-21,Planned,65,36,Critical
MS-00997,U-007,Support,Base 07,2025-07-09,2025-07-24,Active,265,15,Critical
MS-00998,U-034,Exercise,Base 34,2026-07-29,2026-08-13,Active,92,12,Routine
MS-00999,U-009,Support,Base 09,2025-09-28,2025-10-10,Planned,232,24,Routine
MS-01000,U-053,Exercise,Base 53,2025-04-08,2025-04-10,Active,246,19,High
MS-01001,U-012,Transport,Base 12,2025-02-18,2025-03-02,Active,37,39,Critical
MS-01002,U-006,Training,Base 06,2025-03-10,2025-03-12,Completed,278,3,Critical
MS-01003,U-052,Exercise,Base 52,2026-01-16,2026-01-18,Planned,52,22,Routine
MS-01004,U-043,Exercise,Base 43,2025-11-07,2025-11-10,Active,195,5,Routine
MS-01005,U-008,Training,Base 08,2025-06-20,2025-07-03,Completed,50,35,Routine
MS-01006,U-026,Exercise,Base 26,2026-04-24,2026-04-28,Planned,48,39,High
MS-01007,U-016,Exercise,Base 16,2026-07-26,2026-08-03,Planned,68,20,Critical
MS-01008,U-016,Exercise,Base 16,2026-05-20,2026-05-30,Active,36,19,High
MS-01009,U-008,Exercise,Base 08,2025-11-07,2025-11-12,Completed,295,34,Routine
MS-01010,U-051,Transport,Base 51,2026-05-22,2026-06-04,Completed,52,4,Critical
MS-01011,U-023,Support,Base 23,2026-07-23,2026-08-05,Completed,296,17,High
MS-01012,U-060,Support,Base 60,2025-03-08,2025-03-16,Completed,136,28,Critical
MS-01013,U-012,Training,Base 12,2025-11-05,2025-11-15,Planned,48,24,Routine
MS-01014,U-049,Support,Base 49,2025-08-24,2025-09-05,Planned,177,32,High
MS-01015,U-001,Training,Base 01,2025-03-13,2025-03-22,Active,202,28,Routine
MS-01016,U-059,Transport,Base 59,2026-01-22,2026-02-05,Active,208,35,High
MS-01017,U-033,Exercise,Base 33,2026-07-20,2026-07-22,Planned,210,24,High
MS-01018,U-031,Training,Base 31,2025-03-28,2025-03-29,Completed,251,25,High
MS-01019,U-028,Support,Base 28,2026-03-20,2026-04-04,Completed,56,5,Critical
MS-01020,U-025,Exercise,Base 25,2025-04-16,2025-04-21,Active,36,17,Routine
MS-01021,U-031,Transport,Base 31,2025-07-31,2025-08-04,Planned,219,35,Routine
MS-01022,U-055,Exercise,Base 55,2026-05-28,2026-06-03,Planned,259,36,Routine
MS-01023,U-001,Training,Base 01,2026-04-24,2026-05-09,Active,239,40,Routine
MS-01024,U-004,Transport,Base 04,2026-06-18,2026-06-22,Completed,258,22,High
MS-01025,U-004,Transport,Base 04,2026-03-26,2026-04-04,Active,152,21,High
MS-01026,U-016,Transport,Base 16,2025-09-26,2025-10-03,Planned,106,27,High
MS-01027,U-012,Support,Base 12,2026-03-01,2026-03-11,Completed,69,39,Critical
MS-01028,U-034,Support,Base 34,2025-04-21,2025-04-30,Active,116,19,Critical
MS-01029,U-056,Exercise,Base 56,2025-11-08,2025-11-14,Completed,112,38,Critical
MS-01030,U-055,Training,Base 55,2025-06-13,2025-06-21,Completed,252,7,Routine
MS-01031,U-024,Training,Base 24,2026-07-01,2026-07-03,Completed,31,5,Routine
MS-01032,U-014,Exercise,Base 14,2025-04-17,2025-04-21,Planned,272,34,High
MS-01033,U-005,Training,Base 05,2026-07-08,2026-07-19,Planned,256,35,Critical
MS-01034,U-055,Support,Base 55,2025-06-19,2025-06-20,Planned,49,30,High
MS-01035,U-010,Transport,Base 10,2025-11-24,2025-11-25,Active,22,28,Routine
MS-01036,U-041,Exercise,Base 41,2025-12-06,2025-12-16,Completed,229,26,Critical
MS-01037,U-026,Transport,Base 26,2025-01-04,2025-01-19,Active,233,35,Critical
MS-01038,U-002,Transport,Base 02,2025-07-06,2025-07-18,Completed,100,34,Critical
MS-01039,U-050,Support,Base 50,2026-04-12,2026-04-20,Planned,154,3,High
MS-01040,U-043,Transport,Base 43,2025-01-12,2025-01-27,Active,33,13,High
MS-01041,U-053,Training,Base 53,2025-05-04,2025-05-15,Active,273,30,Routine
MS-01042,U-013,Training,Base 13,2026-05-26,2026-06-08,Active,36,38,Routine
MS-01043,U-022,Support,Base 22,2025-08-18,2025-08-31,Active,79,39,Routine
MS-01044,U-022,Training,Base 22,2025-05-08,2025-05-13,Completed,30,18,Critical
MS-01045,U-024,Exercise,Base 24,2025-11-22,2025-11-25,Active,62,17,High
MS-01046,U-059,Transport,Base 59,2025-10-28,2025-11-11,Completed,81,24,High
MS-01047,U-023,Support,Base 23,2025-02-23,2025-03-09,Completed,70,22,Critical
MS-01048,U-046,Exercise,Base 46,2025-02-01,2025-02-09,Completed,283,16,Critical
MS-01049,U-010,Support,Base 10,2026-03-23,2026-04-06,Active,61,11,Routine
MS-01050,U-010,Transport,Base 10,2025-04-21,2025-05-04,Active,227,13,Routine
MS-01051,U-031,Training,Base 31,2026-03-12,2026-03-22,Completed,272,22,Critical
MS-01052,U-030,Training,Base 30,2025-04-17,2025-05-02,Planned,249,11,High
MS-01053,U-002,Training,Base 02,2025-01-28,2025-02-11,Planned,258,17,High
MS-01054,U-022,Training,Base 22,2026-06-12,2026-06-25,Planned,153,39,Critical
MS-01055,U-010,Exercise,Base 10,2025-08-04,2025-08-15,Completed,75,9,Routine
MS-01056,U-057,Exercise,Base 57,2026-07-26,2026-08-08,Completed,282,14,Routine
MS-01057,U-015,Training,Base 15,2025-12-04,2025-12-06,Planned,50,39,Critical
MS-01058,U-013,Training,Base 13,2026-02-24,2026-03-08,Active,267,28,High
MS-01059,U-033,Exercise,Base 33,2026-06-04,2026-06-13,Planned,142,31,High
MS-01060,U-002,Exercise,Base 02,2026-03-08,2026-03-19,Planned,250,6,Routine
MS-01061,U-023,Exercise,Base 23,2025-12-16,2025-12-31,Completed,196,36,High
MS-01062,U-037,Exercise,Base 37,2025-07-20,2025-08-02,Planned,265,36,Routine
MS-01063,U-054,Transport,Base 54,2026-03-06,2026-03-07,Planned,120,19,Critical
MS-01064,U-018,Support,Base 18,2025-11-11,2025-11-16,Active,113,35,Critical
MS-01065,U-022,Exercise,Base 22,2025-11-17,2025-11-18,Planned,253,30,Routine
MS-01066,U-032,Training,Base 32,2025-11-18,2025-11-25,Planned,146,22,High
MS-01067,U-038,Support,Base 38,2025-01-02,2025-01-16,Planned,279,6,Critical
MS-01068,U-028,Support,Base 28,2026-06-17,2026-06-20,Active,24,31,Critical
MS-01069,U-014,Training,Base 14,2026-07-21,2026-07-27,Completed,139,30,Routine
MS-01070,U-007,Support,Base 07,2025-05-06,2025-05-13,Planned,111,35,Critical
MS-01071,U-030,Support,Base 30,2025-05-20,2025-05-25,Planned,247,28,Routine
MS-01072,U-040,Transport,Base 40,2025-08-13,2025-08-27,Planned,273,32,Critical
MS-01073,U-044,Exercise,Base 44,2026-01-26,2026-01-28,Active,72,3,Critical
MS-01074,U-040,Training,Base 40,2026-07-01,2026-07-04,Completed,206,14,Routine
MS-01075,U-059,Transport,Base 59,2025-05-07,2025-05-20,Completed,74,36,Routine
MS-01076,U-050,Transport,Base 50,2026-02-04,2026-02-07,Active,253,9,Critical
MS-01077,U-001,Transport,Base 01,2026-02-17,2026-02-24,Completed,243,24,High
MS-01078,U-024,Transport,Base 24,2026-07-09,2026-07-10,Completed,114,39,Routine
MS-01079,U-042,Support,Base 42,2025-03-05,2025-03-19,Completed,156,39,High
MS-01080,U-013,Transport,Base 13,2026-03-11,2026-03-17,Completed,273,6,Routine
MS-01081,U-053,Support,Base 53,2025-03-22,2025-03-27,Planned,248,29,Critical
MS-01082,U-058,Exercise,Base 58,2025-11-05,2025-11-11,Completed,262,10,Routine
MS-01083,U-044,Exercise,Base 44,2025-09-11,2025-09-23,Planned,62,17,Critical
MS-01084,U-025,Support,Base 25,2026-06-23,2026-07-06,Planned,44,12,Critical
MS-01085,U-011,Training,Base 11,2026-08-14,2026-08-21,Completed,110,13,Routine
MS-01086,U-032,Exercise,Base 32,2025-03-28,2025-04-01,Completed,34,16,Routine
MS-01087,U-027,Transport,Base 27,2026-02-27,2026-03-13,Planned,167,40,Routine
MS-01088,U-032,Support,Base 32,2026-07-28,2026-08-04,Completed,266,19,High
MS-01089,U-032,Support,Base 32,2025-07-12,2025-07-17,Completed,251,9,Critical
MS-01090,U-059,Transport,Base 59,2025-12-05,2025-12-10,Planned,242,36,High
MS-01091,U-031,Training,Base 31,2025-06-11,2025-06-22,Completed,41,18,Routine
MS-01092,U-059,Exercise,Base 59,2025-06-28,2025-07-06,Completed,76,33,Routine
MS-01093,U-025,Transport,Base 25,2025-10-21,2025-10-26,Active,116,39,High
MS-01094,U-014,Transport,Base 14,2025-06-27,2025-07-05,Active,25,21,Routine
MS-01095,U-038,Transport,Base 38,2026-01-16,2026-01-28,Planned,158,32,Routine
MS-01096,U-011,Exercise,Base 11,2025-02-20,2025-02-28,Active,65,26,Critical
MS-01097,U-003,Exercise,Base 03,2026-07-04,2026-07-11,Planned,112,19,Routine
MS-01098,U-016,Training,Base 16,2026-05-01,2026-05-08,Planned,266,22,Routine
MS-01099,U-009,Support,Base 09,2026-08-05,2026-08-15,Active,265,23,Critical
MS-01100,U-037,Transport,Base 37,2025-02-22,2025-03-03,Planned,173,9,Critical
